Symbol,Description
AAB.TO,Aberdeen International Inc
AAR.UN.TO,Pure Industrial Real Estate Trust
AAV.TO,Advantage Oil & Gas Ltd
ABK.A.TO,Allbanc Split Corp Class A Capital Shs
ABK.PR.C.TO,Allbanc Split Corp Pref C
ABT.TO,Absolute Software Corp
ABX.TO,Barrick Gold Corp
AC.TO,Air Canada
ACB.TO,Aurora Cannabis Inc
ACD.TO,Accord Financial
ACO.X.TO,Atco Ltd Cl.I Nv
ACO.Y.TO,Atco Ltd Cl II
ACQ.TO,Autocanada Inc
ACR.UN.TO,Agellan Commercial REIT
ACZ.UN.TO,American Core Sectors Dividend Fund
AD.TO,Alaris Royalty Corp
ADC.UN.TO,First Asset Canadian Convertibles Fund
ADN.TO,Acadian Timber Corp
ADW.A.TO,Andrew Peller Limited Cl.A
ADW.B.TO,Andrew Peller Limited Cl.B
AEF.TO,Acasta Enterprises Inc
AEF.WT.TO,Acasta Enterprises Inc Wts
AEM.TO,Agnico Eagle Mines Limited
AEZS.TO,Aeterna Zentaris Inc
AF.TO,Alarmforce J
AFN.TO,Ag Growth International Inc
AFN.DB.A.TO,Ag Growth Intl Inc 5.25 Pct Debs
AFN.DB.B.TO,Ag Growth International 5.25 Pct Debs
AFN.DB.C.TO,Ag Growth Intl Inc 5.00 Pct Debs
AFN.DB.D.TO,Ag Growth Intl Inc 4.85 Pct Debs
AGF.B.TO,Agf Management Ltd Cl.B Nv
AGI.TO,Alamos Gold Inc Cls A
AGI.WT.TO,Alamos Gold Inc Warrants
AGI.WT.A.TO,Alamos Gold Inc Warrants A
AGT.TO,Agt Food and Ingredients Inc
AGU.TO,Agrium Inc
AHY.UN.TO,Advantaged CDN High Yield Bond Fund
AI.TO,Atrium Mortgage Investment Corp
AI.DB.TO,Atrium Mortgage Inv Corp 5.25 Pct Debs
AI.DB.A.TO,Atrium Mortgage Inv Corp 6.25 Pct Debs
AI.DB.B.TO,Atrium Mortgage Inv Corp 5.50 Pct Debs
AI.DB.C.TO,Atrium Mortgage Inv Corp 5.30 Pct Debs
AIF.TO,Altus Group Limited
AIM.TO,Aimia Inc
AIM.PR.A.TO,Aimia Inc Pref Ser 1
AIM.PR.B.TO,Aimia Inc Pref Ser 2
AIM.PR.C.TO,Aimia Inc Pref Ser 3
AJX.TO,Agjunction Inc
AKG.TO,Asanko Gold Inc
AKT.A.TO,Akita Drilling Ltd Cl.A Nv
AKT.B.TO,Akita Cl B
ALA.TO,Altagas Ltd
ALA.PR.A.TO,Altagas Ltd Pref A
ALA.PR.B.TO,Altagas Ltd Pref Ser B
ALA.PR.E.TO,Altagas Ltd Pref Ser E
ALA.PR.G.TO,Altagas Ltd Pref G
ALA.PR.I.TO,Altagas Ltd Pref Ser I
ALA.PR.K.TO,Altagas Ltd Pref Ser K
ALA.PR.U.TO,Altagas Ltd Pref Ser C
ALA.R.TO,Altagas Ltd Sub Receipts
ALB.TO,Allbanc Split Banc Corp II
ALB.PR.C.TO,Allbanc Split Corp II Pref Ser 2
ALC.TO,Algoma Central
ALC.DB.A.TO,Algoma Central Corp 5.25 Pct Debs
ALO.TO,Alio Gold Inc
ALO.WT.TO,Alio Gold Inc Wts
ALO.WT.A.TO,Alio Gold Inc Wts
ALS.TO,Altius Minerals Corp
AMI.TO,Aurico Metals Inc
AMM.TO,Almaden Minerals Ltd
ANX.TO,Anaconda Mining Inc
AOG.UN.TO,Logiq Adv Oil and Gas Income Fund
AOI.TO,Africa Oil Corp
AP.UN.TO,Allied Properties Real Estate Inv Trust
APH.TO,Aphria Inc
APR.UN.TO,Automotive Properties REIT
APS.TO,Aptose Biosciences Inc
APY.TO,Anglo Pacific Group Plc
AQA.TO,Aquila Resources Inc
AQN.TO,Algonquin Power and Utilities Corp
AQN.PR.A.TO,Algonquin Power and Utilities Pref A
AQN.PR.D.TO,Algonquin Power and Utilities Pref D
AQY.A.TO,Alignvest Acquisition II Corp Cl A
AQY.WT.TO,Alignvest Acquisition II Corp Wts
AR.TO,Argonaut Gold Inc
ARE.TO,Aecon Group Inc
ARE.DB.B.TO,Aecon Group Inc 5.50 Pct Debs
ARG.TO,Amerigo Resources Ltd
ARX.TO,Arc Resources Ltd
ARZ.TO,Aralez Pharmaceuticals Inc
ASND.TO,Ascendant Resources Inc
ASND.WT.TO,Ascendant Resources Inc Wts
ASO.TO,Avesoro Resources Inc
ASP.TO,Acerus Pharmaceuticals Corp
ASR.TO,Alacer Gold Corp
ATA.TO,Ats Automation
ATD.A.TO,Alimentation Couche-Tard Inc Cl A Mv
ATD.B.TO,Alimentation Couche-Tard Inc Cl B Sv
ATH.TO,Athabasca Oil Corp
ATL.TO,Atlatsa Resources Corp
ATP.TO,Atlantic Power Corp
ATP.DB.D.TO,Atlantic Power Corp 6.00 Pct Ser D Debs
ATP.DB.U.TO,Atlantic Power Corp 5.75 Pct Debs
ATZ.TO,Aritzia Inc
AUG.TO,Auryn Resources Inc
AUI.UN.TO,Australian Banc Income Fund
AUMN.TO,Golden Minerals Company
AUP.TO,Aurinia Pharmaceuticals Inc
AV.UN.TO,Logiq Adv Vip Income Fund
AVL.TO,Avalon Advanced Materials Inc
AVO.TO,Avigilon Corp
AVP.TO,Avcorp Industries Inc
AW.UN.TO,A&W Revenue Royalties Income Fund
AX.PR.A.TO,Artis REIT Pref Ser A
AX.PR.E.TO,Artis REIT Pref Ser E
AX.PR.G.TO,Artis REIT Pref Ser G
AX.PR.U.TO,Artis REIT Pref Ser C USD
AX.UN.TO,Artis Real Estate Investment Trust Units
AXR.TO,Alexco Resource Corp
AXY.TO,Alterra Power Corp
AYM.TO,Atalaya Mining Plc
AZ.TO,Arizona Mining Inc
AZP.PR.A.TO,Atlantic Power Pref Equity Ser 1
AZP.PR.B.TO,Atlantic Power Pref Equity Ser 2
AZP.PR.C.TO,Atlantic Power Pref Equity Ser 3
AZZ.TO,Azarga Uranium Corp
BAA.TO,Banro Corp
BAD.TO,Badger Daylighting Ltd
BAM.A.TO,Brookfield Asset Management Inc Cl.A Lv
BAM.PF.A.TO,Brookfield Asset Mgmt Inc Pref Ser 32
BAM.PF.B.TO,Brookfield Asset Mgmt Inc Pref Ser 34
BAM.PF.C.TO,Brookfield Asset Mgmt Inc Pref Ser 36
BAM.PF.D.TO,Brookfield Asset Mgmt Inc Pr Ser 37
BAM.PF.E.TO,Brookfield Asset Mgmt Pref Ser 38
BAM.PF.F.TO,Brookfield Asset Mgmt Inc Pref Ser 40
BAM.PF.G.TO,Brookfield Asset Mgmt Inc Pref Ser 42
BAM.PF.H.TO,Brookfield Asset MGT Inc Pref Ser 44
BAM.PF.I.TO,Brookfield Asset Mgmt Inc Pref Ser 46
BAM.PF.J.TO,Brookfield Asset Mgmt Inc Pref Ser 48
BAM.PR.B.TO,Brookfield Asset Mgmt Inc  Pr. Ser 2
BAM.PR.C.TO,Brookfield Asset Mgmt Inc Pr. Ser 4
BAM.PR.E.TO,Brookfield Asset Mgmt Inc Pr. Ser 8
BAM.PR.G.TO,Brookfield Asset Mgmt Inc Pr Ser 9
BAM.PR.K.TO,Brookfield Asset Mgmt Inc Pr. Ser 13
BAM.PR.M.TO,Brookfield Asset Mgmt Inc  Prf A Ser 17
BAM.PR.N.TO,Brookfield Asset Mgmt Pref Shs Ser 18
BAM.PR.R.TO,Brookfield Asset Mgmt Pref Ser 24
BAM.PR.S.TO,Brookfield Asset Mgmt Inc Pref Ser 25
BAM.PR.T.TO,Brookfield Asset Mgmt Pref Ser 26
BAM.PR.X.TO,Brookfield Am Pref Ser 28
BAM.PR.Z.TO,Brookfield Asset Mgmt Inc Pr Ser 30
BANK.TO,BMO Glb Banks Hgd To CAD ETF
BAR.TO,Balmoral Resources Ltd
BB.TO,Blackberry Limited
BBD.A.TO,Bombardier Inc Cl. A Mv
BBD.B.TO,Bombardier Inc Cl. B Sv
BBD.PR.B.TO,Bombardier 2 Pr
BBD.PR.C.TO,Bombardier Inc Pref Class C
BBD.PR.D.TO,Bombardier Inc Pref Ser 3
BBL.A.TO,Brampton Brick Ltd Cl.A Sv
BBU.UN.TO,Brookfield Business Partners LP
BCB.TO,Cott Corp
BCE.TO,BCE Inc
BCE.PR.A.TO,BCE First Pr Shares Series Aa
BCE.PR.B.TO,BCE Inc First Pr Shares Series Ab
BCE.PR.C.TO,BCE Inc Pr Shares Series AC
BCE.PR.D.TO,BCE Inc Pref Shares Series Ad
BCE.PR.E.TO,BCE 1st Pref Shares Series Ae
BCE.PR.F.TO,BCE 1st Pref Shares Series Af
BCE.PR.G.TO,BCE 1st Pref Shares Series Ag
BCE.PR.H.TO,BCE 1st Pref Shares Series Ah
BCE.PR.I.TO,BCE 1st Pref Shares Series Ai
BCE.PR.J.TO,BCE Inc Pref Sh Series Aj
BCE.PR.K.TO,BCE Inc Pref Ser AK
BCE.PR.L.TO,BCE Inc Pref Ser Al
BCE.PR.M.TO,BCE Inc Pref Shares Series Am
BCE.PR.N.TO,BCE Inc Pref Shares Series An
BCE.PR.O.TO,BCE Inc Pref Shares Series Ao
BCE.PR.Q.TO,BCE Inc Pref Shares Series Aq
BCE.PR.R.TO,BCE Inc Ser R
BCE.PR.S.TO,BCE Inc Ser S
BCE.PR.T.TO,BCE Inc First Pref Series T
BCE.PR.Y.TO,BCE Inc Ser Y Pr
BCE.PR.Z.TO,BCE Inc Series Z
BCI.TO,New Look Vision Group Inc
BDI.TO,Black Diamond Group Ltd
BDT.TO,Bird Construction Inc
BEI.UN.TO,Boardwalk Real Estate Investment Trust
BEK.B.TO,Becker Milk Company Ltd Cl.B Nv
BEP.PR.E.TO,Brookfield Renewable LP Pref Ser 5
BEP.PR.G.TO,Brookfield Renewable LP Pref Ser 7
BEP.PR.I.TO,Brookfield Renewable  Pref Ser 9
BEP.PR.K.TO,Brookfield Renewable LP Pref Ser 11
BEP.UN.TO,Brookfield Renewable Partners LP
BGI.UN.TO,Brookfield Glbl Infras Sec Inc Fd
BIG.D.TO,Big 8 Split Inc Class D
BIG.PR.D.TO,Big 8 Split Inc Pref Class D
BIOA.TO,Bioamber Inc
BIP.PR.A.TO,Brookfield Infra Partners LP Pref Ser 1
BIP.PR.B.TO,Brookfield Infra Partners LP Pref Ser 3
BIP.PR.C.TO,Brookfield Infra Partners LP Pref Ser 5
BIP.PR.D.TO,Brookfield Infra Partners LP Pref Ser 7
BIP.UN.TO,Brookfield Infra Partners LP Units
BIR.TO,Birchcliff Energy Ltd
BIR.PR.A.TO,Birchcliff Energy Ltd Pref Sh A
BIR.PR.C.TO,Birchcliff Energy Ltd Pref Ser C
BK.TO,Canadian Banc Corp
BK.PR.A.TO,Canadian Banc Corp Pref A
BKI.TO,Black Iron Inc
BKL.C.TO,Powershares Senior Loan Index ETF
BKL.F.TO,Powershares Senior Loan Index ETF
BKL.U.TO,Powershares Senior Loan Index USD ETF
BKX.TO,Bnk Petroleum Inc
BLB.UN.TO,Bloom Select Income Fund
BLDP.TO,Ballard Power Systems Inc
BLU.TO,Bellus Health Inc
BLX.TO,Boralex Inc
BLX.DB.A.TO,Boralex Inc 4.5 Pct Debs
BMO.TO,Bank of Montreal
BMO.PR.A.TO,BMO Pref Shares Series 26
BMO.PR.B.TO,BMO Pref Shares Series 38
BMO.PR.C.TO,BMO Pref Shares Series 40
BMO.PR.D.TO,BMO Pref Shares Series 42
BMO.PR.M.TO,BMO Cl B Pref Shares Ser 16
BMO.PR.Q.TO,Bank of Montreal B Pref Sh Ser 25
BMO.PR.R.TO,BMO Cl B Pref Shares Ser 17
BMO.PR.S.TO,BMO Cl B Pref Shares Ser 27
BMO.PR.T.TO,BMO Non Cum Cl B Prf Share Series 29
BMO.PR.W.TO,BMO Cl B Pref Shares Ser 31
BMO.PR.Y.TO,Bank of Montreal Pref Ser 33
BMO.PR.Z.TO,Bank of Montreal Pref Ser 35
BNC.TO,Purpose CDN Financial Income Fund ETF
BND.TO,Purpose Tactical Inv Grade Bond ETF
BNE.TO,Bonterra Energy Corp
BNG.TO,Bengal Energy Ltd
BNP.TO,Bonavista Energy Corp
BNS.TO,Bank of Nova Scotia
BNS.PR.A.TO,Bns Pref Shares Series 19
BNS.PR.B.TO,Bns Pref Shares Series 21
BNS.PR.C.TO,Bns Pref Ser 23
BNS.PR.D.TO,Bns Pref Shares Series 31
BNS.PR.E.TO,Bns Pref Shares Series 34
BNS.PR.F.TO,Bns Pref Shares Series 33
BNS.PR.G.TO,Bns Pref Shares Series 36
BNS.PR.H.TO,Bns Pref Shares Series 38
BNS.PR.P.TO,Bank of Nova Scotia Non-Cum Pref Srs 18
BNS.PR.Q.TO,Bns Pref Shares  Series 20
BNS.PR.R.TO,Bns Non Cum Pref Ser 22
BNS.PR.Y.TO,Bank of Nova Scotia 5 Yr Pref Ser 30
BNS.PR.Z.TO,Bns Pref Ser 32
BOS.TO,Airboss America J
BOY.TO,Boyuan Construction Group Inc
BOY.DB.A.TO,Boyuan Constr Grp Inc 11.5 Pct Dbs A
BPF.UN.TO,Boston Pizza Royalties Income Fund
BPO.PR.A.TO,Brookfield Office Properties Pref Ser Aa
BPO.PR.C.TO,Brookfield Office Properties Pref Ser CC
BPO.PR.E.TO,Brookfield Office Properties Pref Ser Ee
BPO.PR.G.TO,Brookfield Office Properties Pref Ser G
BPO.PR.N.TO,Brookfield Office Properties Pref Ser N
BPO.PR.P.TO,Brookfield Office Properties Pref Ser P
BPO.PR.R.TO,Brookfield Office Properties Pref Ser R
BPO.PR.S.TO,Brookfield Office Properties Pref Ser S
BPO.PR.T.TO,Brookfield Office Properties Pref Ser T
BPO.PR.W.TO,Brookfield Office Properties Pref Ser W
BPO.PR.X.TO,Brookfield Office Properties Pref Ser V
BPO.PR.Y.TO,Brookfield Office Properties Pref Ser Y
BPS.PR.A.TO,Brookfield Property Split Pref Ser 2
BPS.PR.B.TO,Brookfield Property Split Pref Ser 3
BPS.PR.C.TO,Brookfield Property Split Pref Ser 4
BPS.PR.U.TO,Brookfield Property Split Pref Ser 1
BPY.UN.TO,Brookfield Property Partners LP
BR.TO,Big Rock Brewery Inc
BRB.TO,Brick Brewing J
BRE.TO,Brookfield Real Estate Services Inc
BRF.PR.A.TO,Brookfield Renewable  Pref Cl A Ser 1
BRF.PR.B.TO,Brookfield Renewable Pref Cl A Ser 2
BRF.PR.C.TO,Brookfield Renewable Power Pref Eqty Inc
BRF.PR.E.TO,Brookfield Renewable Power Pref Eqt Sr 5
BRF.PR.F.TO,Brookfield Renewable Power Pref Eqt Sr 6
BRIO.TO,Brio Gold Inc
BRY.TO,Bri Chem Corp
BSC.TO,Bns Split Corp  II
BSC.PR.C.TO,Bns Split Corp II Pref B Series 2
BSD.PR.A.TO,Brookfield Soundvest Split Trust Pref
BSD.UN.TO,Brookfield Soundvest Split Trust
BSE.UN.TO,Brookfield Soundvest Equity Fund
BSO.UN.TO,Brookfield Select Opportunities Inc Fund
BSX.TO,Belo Sun Mining Corp
BTB.DB.E.TO,Btb REIT 6.90 Pct Debs
BTB.DB.F.TO,Btb REIT 7.15 Pct Debs
BTB.UN.TO,Btb REIT Units
BTE.TO,Baytex Energy Corp
BTO.TO,B2Gold Corp
BU.TO,Burcon Nutrascience Corp
BUA.UN.TO,Bloom US Income and Growth Fund
BUI.TO,Buhler Ind
BX.TO,Biox Corp
BXE.TO,Bellatrix Exploration Ltd
BXE.DB.TO,Bellatrix Exploration Ltd 6.75 Pct Debs
BXF.TO,First Asset 1 To 5 Yr Lad Gov Stp Bd ETF
BXS.DB.C.TO,Barclays Bank Fixed Rate Notes I 28
BYD.DB.A.TO,Boyd Group Income Fund 5.25 Pct Debs
BYD.UN.TO,Boyd Group Income Fund
BYL.TO,Baylin Technologies Inc
CAE.TO,Cae Inc
CAGG.TO,Wisdomtree Yld Enh CDN Agrt Bondetf
CAGS.TO,Wisdomtree Yld Enh CDN ST Agg Bdetf
CAL.TO,Caledonia Mining Corporation Plc
CALL.TO,Evolve US Banks Enhanced Yield ETF
CAN.TO,Horizons Canadian Dollar Currency ETF
CAPS.TO,Evolve Active US Core Equity ETF
CAPS.B.TO,Evolve Active US Core Equity Unheg
CAR.UN.TO,CDN Apartment Un
CARA.TO,Cara Operations Limited
CARS.TO,Evolve Automobile Innovation Idx Hgd ETF
CARS.B.TO,Evolve Automobile Innovation Idx Uh ETF
CAS.TO,Cascades Inc
CBD.TO,Ishares Balanced Income Core ETF
CBD.A.TO,Ishares Balanced Income Core ETF AC
CBH.TO,Ishares 1-10 Yr Laddered Corp Bond ETF
CBL.TO,Callidus Capital Corp
CBN.TO,Ishares Balanced Growth Core ETF
CBO.TO,Ishares 1-5Yr Laddered Corp Bond ETF
CBO.A.TO,Ishares 1-5Yr Laddered Corp Bond ETF AC
CBT.UN.TO,June 2020 Corporate Bond Trust
CCA.TO,Cogeco Communications Inc
CCI.UN.TO,Canadian Convertibles Plus Fund
CCL.A.TO,Ccl Inc Cl A
CCL.B.TO,Ccl Industries Inc Cl. B Nv
CCM.TO,Canarc Res J
CCO.TO,Cameco Corp
CCS.PR.C.TO,Co-Operators Gen Ins Cl E Prf
CCX.TO,Canadian Crude Oil Index ETF
CCZ.TO,Critical Control Energy Services Corp
CCZ.PR.A.TO,Critical Control Energy Svcs Corp Pr A
CDD.UN.TO,Core Canadian Dividend Trust
CDH.TO,Corridor Resources Inc
CDV.TO,Cardinal Resources Limited
CDZ.TO,Ishares SP TSX CDN Dividend ETF
CDZ.A.TO,Ishares SP TSX CDN Dividend ETF AC
CED.TO,First Asset Core CDN Equity ETF
CEE.TO,Centamin Plc
CEF.A.TO,Central Fund of Canada Ltd Cl.A Nv
CERV.TO,Cervus Equipment Corp
CES.TO,First Asset Core US Equity ETF
CES.B.TO,First Asset Core US Equity ETF Unhgd
CET.TO,Cathedral Energy Services Ltd
CEU.TO,Ces Energy Solutions Corp
CEW.TO,Ishares Equal Weight Banc Lifeco ETF
CEW.A.TO,Ishares Equal Weight Banc Lifeco ETF AC
CF.TO,Canaccord Genuity Group Inc
CF.PR.A.TO,Canaccord Genuity Group Inc Pref A
CF.PR.C.TO,Canaccord Genuity Group Inc Pref C
CFF.TO,Conifex Timber Inc
CFP.TO,Canfor Corp
CFW.TO,Calfrac Well Services Ltd
CFX.TO,Canfor Pulp Products Inc
CG.TO,Centerra Gold Inc
CGAC.UN.TO,Canaccord Genuity Acq Corp Units
CGG.TO,China Gold Int Resources Corp
CGI.TO,CDN General Inv
CGI.PR.D.TO,Canadian General Inv Ltd Pref Ser 4
CGL.TO,Ishares Gold Bullion ETF Hdg
CGL.C.TO,Ishares Gold Bullion ETF Non Hdg
CGO.TO,Cogeco Inc Sv
CGR.TO,Ishares Global Real Estate ETF
CGR.A.TO,Ishares Global Real Estate ETF AC
CGT.TO,Columbus Gold Corp
CGX.TO,Cineplex Inc
CGX.DB.A.TO,Cineplex Inc 4.50 Pct Debs
CGY.TO,Calian Group Ltd
CHB.TO,Ishares US HY Fixed Income Index ETF
CHB.A.TO,Ishares US HY Fixed Income Index ETF AC
CHE.DB.B.TO,Chemtrade Logistics If 5.25 Pct Debs
CHE.DB.C.TO,Chemtrade Logistics Income Fund 5.0 Debs
CHE.DB.D.TO,Chemtrade Logistics Inc Fd 4.75 Pct Debs
CHE.UN.TO,Chemtrade Logistics Income Fund
CHH.TO,Centric Health Corp
CHP.UN.TO,Choice Properties REIT
CHR.TO,Chorus Aviation Inc
CHW.TO,Chesswood Group Limited
CHW.DB.TO,Chesswood Group Limited 6.50 Pct Debs
CIA.TO,Champion Iron Limited
CIA.R.TO,Champion Iron Limited Sub Receipts
CIC.TO,First Asset Canbanc Income Class ETF
CIF.TO,Ishares Global Infrastructure Index ETF
CIF.A.TO,Ishares Global Infrastructure ETF AC
CIGI.TO,Colliers International Group Inc
CIQ.UN.TO,Canadian High Income Equity Fund
CIU.PR.A.TO,Cu Inc Pref Shares
CIU.PR.C.TO,Cu Inc Pref Ser 4
CIX.TO,Ci Financial Corp
CJ.TO,Cardinal Energy Ltd
CJ.DB.TO,Cardinal Energy Ltd 5.50 Pct Debs
CJR.B.TO,Corus Entertainment Inc Cl.B Nv
CJT.TO,Cargojet Inc
CJT.A.TO,Cargojet Inc Variable Voting Shs
CJT.DB.C.TO,Cargojet Inc 4.65 Pct Debs
CKE.TO,Chinook Energy Inc
CKI.TO,Clarke Inc
CLF.TO,Ishares 1-5 Yr Ladder Govt Bond ETF
CLF.A.TO,Ishares 1-5 Yr Ladder Govt Bond ETF AC
CLG.TO,Ishares 1-10 Yr Ladder Govt Bond ETF
CLG.A.TO,Ishares 1-10Yr Ladder Govt Bond ETF AC
CLR.TO,Clearwater Seafoods Incorporated
CLS.TO,Celestica Inc Sv
CM.TO,Canadian Imperial Bank of Commerce
CM.PR.O.TO,Cibc Pref Ser 39
CM.PR.P.TO,Cibc Pref Ser 41
CM.PR.Q.TO,Cibc Pref Ser 43
CM.PR.R.TO,Cibc Pref Ser 45
CMED.TO,Cannimed Therapeutics Inc
CMG.TO,Computer Modelling Group Ltd
CMH.TO,Carmanah Technologies Corp
CMMC.TO,Copper Mountain Mining Corp
CMR.TO,Ishares Premium Money Market ETF
CMR.A.TO,Ishares Premium Money Market ETF AC
CNE.TO,Canacol Energy Ltd
CNL.TO,Continental Gold Inc
CNL.WT.A.TO,Continental Gold Inc Wts
CNQ.TO,CDN Natural Res
CNR.TO,Canadian National Railway Co.
CNT.TO,Century Global Commodities Corp
CNU.TO,Cnooc Limited
COM.TO,Cardiome Pharma Corp
CONA.TO,Cona Resources Ltd
COP.TO,Coro Mining Corp
COW.TO,Ishares Global Agri Index ETF
COW.A.TO,Ishares Global Agri Index ETF AC
CP.TO,Canadian Pacific Railway Limited
CPD.TO,Ishares SP TSX CDN Pref ETF
CPD.A.TO,Ishares SP TSX CDN Pref ETF AC
CPF.UN.TO,CDN 50 Adv Pref Sh Fd
CPG.TO,Crescent Point Energy Corp
CPH.TO,Cipher Pharmaceuticals Inc
CPI.TO,Condor Petroleum Inc
CPX.TO,Capital Power Corp
CPX.PR.A.TO,Capital Power Corporation Pref Ser 1
CPX.PR.C.TO,Capital Power Corp Pref Ser 3
CPX.PR.E.TO,Capital Power Corporation Pref Ser 5
CPX.PR.G.TO,Capital Power Corporation Pref Ser 7
CPX.PR.I.TO,Capital Power Corporation Pref Ser 9
CQE.TO,Cequence Energy Ltd
CR.TO,Crew Energy Inc
CRH.TO,CRH Medical Corp
CRP.TO,Ceres Global Ag Corp
CRR.DB.E.TO,Crombie REIT 5.25 Pct Debs Ser E
CRR.UN.TO,Crombie Real Estate Investment Trust
CRT.UN.TO,Ct Real Estate Investment Trust
CRWN.TO,Crown Capital Partners Inc
CS.TO,Capstone Mining Corp
CSD.TO,Ishares Short Dur Hi Inc ETF CAD Hgd
CSD.A.TO,Ishares Adv Shrt Dur Hi Inc ETF
CSE.PR.A.TO,Capstone Infrastructure Corp Pref A
CSH.UN.TO,Chartwell Retirement Residences
CSM.TO,Clearstream Energy Services Inc
CSU.TO,Constellation Software Inc
CSU.DB.TO,Constellation Software Inc Debs Ser 1
CSW.A.TO,Corby Spirit and Wine Ltd Class A
CSW.B.TO,Corby Spirit and Wine Ltd Class B
CSY.TO,Fa Core Can Equity Inc Class ETF
CTC.TO,Canadian Tire Corporation Limited
CTC.A.TO,Canadian Tire Corporation Cl. A Nv
CTF.UN.TO,Citadel Income Fund
CTX.TO,Crescita Therapeutics Inc
CU.TO,Canadian Utilities Ltd Cl.A Nv
CU.PR.C.TO,Canadian Utilities Limited Pref Ser C
CU.PR.D.TO,Canadian Utilities Ltd Pr Series Aa
CU.PR.E.TO,Canadian Utilities Ltd Pref Ser Bb
CU.PR.F.TO,Canadian Utilities Ltd Pref Ser CC
CU.PR.G.TO,Canadian Utilities Ltd Pref Ser Dd
CU.PR.H.TO,Canadian Utilities Ltd Pref Ser Ee
CU.PR.I.TO,Canadian Utilities Ltd Pref Ser Ff
CU.X.TO,CDN Util Cl B
CUD.TO,Ishares SP US Div Growers ETF
CUD.A.TO,Ishares SP US Div Growers ETF AC
CUF.UN.TO,Cominar R E Un
CUP.U.TO,Caribbean Util US
CVD.TO,Ishares Convertible Bond Index ETF
CVE.TO,Cenovus Energy Inc
CVG.TO,Clairvest Group
CWB.TO,CDN Western Bank
CWB.PR.B.TO,Canadian Western Bank Pref Ser 5
CWB.PR.C.TO,Canadian Western Bank Pref Ser 7
CWF.TO,CDN World Fund
CWI.TO,Crosswinds Holdings Inc
CWL.TO,Caldwell Partners International Inc
CWW.TO,Ishares SP Global Water ETF
CWX.TO,Canwel Building Materials Group Ltd
CXF.TO,First Asset CDN Convert Bond ETF
CXI.TO,Currency Exchange International Corp
CXN.TO,Chalice Gold Mines Limited
CXR.TO,Concordia International Corp
CYB.TO,Cymbria Corporation Cl A
CYBR.TO,Evolve Cyber Security Index Hgd ETF
CYBR.B.TO,Evolve Cyber Security Index Uh ETF
CYH.TO,Ishares Global Monthly Dividend ETF
CZN.TO,CDN Zinc Corp J
D.UN.TO,Dream Office REIT
DA.DB.A.TO,Discovery Air Inc 8.375 Pct Debs
DBO.TO,Dbox Technologies Inc
DC.A.TO,Dundee Corp Cl.A Sv
DC.PR.B.TO,Dundee Corp First Pref Ser 2
DC.PR.D.TO,Dundee Corp Pref Ser 3
DC.PR.E.TO,Dundee Corp First Pref Shares Series 5
DC.WT.TO,Dundee Corp Class A Wts
DCC.TO,Desjardins 1To5 Yr Lad CDN Corp Bd ETF
DCD.UN.TO,First Asset Diversified Conv. Deb. Fund
DCF.TO,Difference Capital Financial Inc
DCF.DB.TO,Difference Cap Financial 8.0 Pct Debs
DCG.TO,Desjardins 1To5 Yr Lad CDN Govt Bd ETF
DCM.TO,Data Communications Mgmt Corp
DCP.TO,Desjardins CDN Pref Share ETF
DCS.TO,Desjardins CDN Short Term Bd ETF
DCU.TO,Desjardins CDN Universe Bond Index ETF
DDC.TO,Dominion Diamond Corp
DEE.TO,Delphi Energy Corp
DEE.NT.TO,Delphi Energy Corp 10 Pct Notes
DEE.WT.TO,Delphi Energy Corp Wts
DF.TO,Dividend 15 Split Corp II
DF.PR.A.TO,Dividend 15 Split Corp II Prf
DFC.TO,Desjardins Cda Multifactor Ctrl Vol ETF
DFD.TO,Desjardins Dev Xus Xcda Mltifact Vol ETF
DFN.TO,Dividend 15 Split Corp
DFN.PR.A.TO,Dividend 15 Split Corp
DFU.TO,Desjardins USA Multifactor Ctrl Vol ETF
DGC.TO,Detour Gold Corp
DGR.TO,Wisdomtree US Qlty Div Gwth ETF
DGR.B.TO,Wisdomtree US Qlty Div Gwth ETF Nh
DGRC.TO,Wisdomtree CDN Quality Div Grth Idx ETF
DGS.TO,Dividend Growth Split Corp Class A
DGS.PR.A.TO,Dividend Growth Split Corp Pref
DHX.A.TO,Dhx Media Ltd Class A
DHX.B.TO,Dhx Media Ltd Class B
DHX.DB.TO,Dhx Media Ltd 5.875 Pct Debs
DII.A.TO,Dorel Industries Inc Cl.A Mv
DII.B.TO,Dorel Industries Inc Cl.B Sv
DII.DB.U.TO,Dorel Industries Inc 5.50 Pct Debs USD
DIN.DB.TO,Dir Industrial Properties 6.75 Pct Debs
DIR.DB.TO,Dream Industrial REIT 5.25 Pct Debs
DIR.UN.TO,Dream Industrial REIT
DISC.TO,BMO Glb Consumer Disc Hgd To CAD ETF
DIV.TO,Diversified Royalty Corp
DIVS.TO,Evolve Active CDN Pref Share ETF
DLR.TO,Horizons US Dollar Currency ETF
DLR.U.TO,Horizons US Dollar Currency ETF USD
DML.TO,Denison Mines Corp
DNA.TO,Dalradian Resources Inc
DNG.TO,Dynacor Gold Mines Inc
DNT.TO,Candente Copper Corp
DOL.TO,Dollarama Inc
DOO.TO,Brp Inc
DPM.TO,Dundee Precious Metals Inc
DQD.TO,Wisdomtree US Qlty Div Gwth Var Hgd ETF
DQI.TO,Wisdomtree Intl Qlty Div Gwth Var Hgd
DR.TO,Medical Facilities Corp
DR.DB.A.TO,Medical Facilities Corp 5.90 Pct Debs
DRA.UN.TO,Dream Hard Asset Alternatives Trust
DRG.UN.TO,Dream Global REIT
DRM.TO,Dream Unlimited Corp
DRM.PR.A.TO,Dream Unlimited Corp Pref Ser 1
DRT.TO,Dirtt Environmental Solutions Ltd
DRX.TO,Adf Group Inc Sv
DS.TO,Dividend Select 15 Corp
DSG.TO,Descartes Sys
DSL.UN.TO,Doubleline Income Solutions Trust Units
DW.TO,Datawind Inc
DXB.TO,Dynamic Ishares Act Tactical Bond ETF
DXC.TO,Dyn Ishares Active CDN Div ETF
DXF.TO,Dynamic Ishares Act Global Fin Ser ETF
DXG.TO,Dyn Ishares Active Global Div ETF
DXI.TO,Dxi Energy Inc
DXM.TO,F A Morningstar Cda Div Tgt 30 ETF
DXO.TO,Dyn Ishares Act Crossover Bond ETF
DXP.TO,Dyn Ishares Active Pref Shares ETF
DXU.TO,Dyn Ishares Active US Div ETF
DXZ.TO,Dynamic Ishares Acitve US Mid Cap ETF
E.TO,Enterprise Group Inc
EBC.UN.TO,Europe Blue Chip Div and Growth Fund
ECA.TO,Encana Corp
ECF.UN.TO,East Coast Invest Grade Income Fd
ECI.TO,Enercare Inc
ECN.TO,Ecn Capital Corp
ECN.PR.A.TO,Ecn Capital Corp Pref Ser A
ECN.PR.C.TO,Ecn Capital Corp Pref Ser C
ECO.TO,Ecosynthetix Inc
ECS.TO,Ecobalt Solutions Inc
EDGF.UN.TO,European Dividend Growth Fund
EDR.TO,Endeavour Silver Corp
EDT.TO,Spectral Medical Inc
EDV.TO,Endeavour Mining Corp
EFH.TO,Echelon Financial Holdings Inc
EFL.TO,Electrovaya Inc
EFN.TO,Element Fleet Management Corp
EFN.DB.TO,Element Fleet Mgmt Corp 5.125 Pct Debs
EFN.DB.A.TO,Element Fleet Mgmt Corp 4.25 Pct Debs
EFN.PR.A.TO,Element Fleet Mgmt Corp Pref Ser A
EFN.PR.C.TO,Element Fleet Mgmt Corp Pref Ser C
EFN.PR.E.TO,Element Fleet Mgmt Corp Pref Ser E
EFN.PR.G.TO,Element Fleet Mgmt Corp Pref Ser G
EFN.PR.I.TO,Element Fleet Mgmt Corp Pref Ser I
EFR.TO,Energy Fuels Inc
EFR.DB.TO,Energy Fuels Inc Debs
EFR.WT.TO,Energy Fuels Inc Wts
EFX.TO,Enerflex Ltd
EGL.TO,Eagle Energy Inc
EHE.TO,Wisdomtree Europe Hedged Eqty ETF
EHE.B.TO,Wisdomtree Europe Hedged Eqty ETF Nh
EIF.TO,Exchange Income Corp
EIF.DB.E.TO,Exchange Income Corp 5.5 Pct Debs
EIF.DB.F.TO,Exchange Income Corp 5.35 Pct Debs
EIF.DB.G.TO,Exchange Income Corp 6.0 Pct Debs
EIF.DB.H.TO,Exchange Income Corp 5.25 Pct Debs
EIT.PR.A.TO,Canoe Eit Income Fund Pref Ser 1
EIT.UN.TO,Canoe Eit Income Fund Units
ELD.TO,Eldorado Gold
ELF.TO,E-L Financial
ELF.PR.F.TO,E-L Financial Corp Ltd Pr Ser. 1
ELF.PR.G.TO,E- L Financial Corp Limited
ELF.PR.H.TO,E - L Financial Corp Ltd Pref Ser 3
ELR.TO,Eastern Platinum Limited
ELV.TO,Powershares SP Emg Mkts Low Vol ETF
EMA.TO,Emera Incorporated
EMA.PR.A.TO,Emera Inc Series A Pref
EMA.PR.B.TO,Emera Inc Pref Sh Series B
EMA.PR.C.TO,Emera Inc Pref Sh Series C
EMA.PR.E.TO,Emera Inc Pref Ser E
EMA.PR.F.TO,Emera Inc Series F Pref
EML.PR.A.TO,The Empire Life Insurance Co Pref A
EMP.A.TO,Empire Company Limited
EMV.B.TO,Wisdomtree Emerging Mkts Div Idx ETF
ENB.TO,Enbridge Inc
ENB.PF.A.TO,Enbridge Inc Pref Ser 9
ENB.PF.C.TO,Enbridge Inc Pref Ser 11
ENB.PF.E.TO,Enbridge Inc Pref Ser 13
ENB.PF.G.TO,Enbridge Inc Pref Ser 15
ENB.PF.I.TO,Enbridge Inc Pref Ser 17
ENB.PF.U.TO,Enbridge Inc Pref Ser L
ENB.PF.V.TO,Enbridge Inc Pref Ser 5 USD
ENB.PR.A.TO,Enbridge Pr
ENB.PR.B.TO,Enbridge Inc Cum Redeem Pref Ser B
ENB.PR.C.TO,Enbridge Inc Pref Ser C
ENB.PR.D.TO,Enbridge Inc Pref Ser D
ENB.PR.F.TO,Enbridge Inc Pref Ser F
ENB.PR.H.TO,Enbridge Inc Pref Ser H
ENB.PR.J.TO,Enbridge Inc Pref Ser 7
ENB.PR.N.TO,Enbridge Inc Pref Ser N
ENB.PR.P.TO,Enbridge Inc Pref Ser P
ENB.PR.T.TO,Enbridge Inc Pref Ser R
ENB.PR.U.TO,Enbridge Inc Pref Sh Series J
ENB.PR.V.TO,Enbridge Inc Pref Ser 1
ENB.PR.Y.TO,Enbridge Inc Cum Red Pref Ser 3
ENF.TO,Enbridge Income Fund Holdings Inc
ENGH.TO,Enghouse Systems Limited
ENI.UN.TO,Energy Income Fund
ENT.TO,Entrec Corp
ENT.DB.TO,Entrec Corporation 8.5 Pct Debs
EOM.TO,Eco Oro Minerals Corp
EOX.TO,Euromax Resources Ltd
EPI.TO,Essa Pharma Inc
EPS.TO,Epsilon Energy Ltd
EQB.TO,Equitable Group Inc
EQB.PR.C.TO,Equitable Group Inc Pref Ser 3
EQI.TO,Equity Financial Holdings Inc
ER.TO,Eastmain Res J
ERD.TO,Erdene Resource Development Corp
ERF.TO,Enerplus Corp
ERM.TO,Eclipse Residential Mortgage Inv Corp
ERO.TO,Ero Copper Corp
ESI.TO,Ensign Energy Services Inc
ESM.TO,Euro Sun Mining Inc
ESN.TO,Essential Energy Services Ltd
ESP.TO,Espial Group Inc
ET.TO,Evertz Technologies Limited
ETG.TO,Entree Resources Ltd
ETP.TO,First Trust Global Risk Managed Inc ETF
ETP.A.TO,First Trust Glb Risk Managed Inc ETF AC
ETX.TO,Etrion Corp
EUR.TO,First Trust Alphadex Euro Div ETF
EUR.A.TO,First Trust Alphadex Euro Div Idx AC ETF
EVT.TO,Economic Investment
EXE.TO,Extendicare Inc
EXE.DB.B.TO,Extendicare Inc 6 Pct Debs
EXF.TO,Exfo Inc
EXN.TO,Excellon Resources Inc
EXN.WT.TO,Excellon Resources Inc Wts
FAH.U.TO,Fairfax Africa Holdings Corp
FAI.TO,Fa Active Utility and Infrastructure ETF
FAO.TO,First Asset Active Credit ETF
FAO.U.TO,First Asset Active Credit ETF USD
FAP.TO,Aberdeen Asia-Pacific Income Invest Ltd
FAR.TO,Foraco International Sa
FBE.TO,First Asset Canadian Buyback Index ETF
FBU.TO,First Asset US Buyback Index ETF
FC.TO,Firm Capital Mortgage Inv. Corp
FC.DB.B.TO,Firm Capital Mtg Inv Corp 5.40 Pct Debs
FC.DB.C.TO,Firm Capital Mortgage Inv 5.25 Pct Debs
FC.DB.D.TO,Firm Capital Mortgage Inv 4.75 Pct Debs
FC.DB.E.TO,Firm Cap Mtg Invest Corp 5.30 Pct Debs
FC.DB.F.TO,Firm Capital Mortgage 5.50 Pct Debs
FC.DB.G.TO,Firm Capital Mortgage Inv 5.20 Pct Debs
FC.DB.H.TO,Firm Capital Mortgage 5.30 Pct Debs
FCR.TO,First Capital Realty Inc
FCR.DB.J.TO,First Capital Realty Inc 4.45 Pct Debs
FCS.PR.C.TO,Faircourt Split Trust 6.00 Pct Prf C
FCS.UN.TO,Faircourt Split Trust
FCU.TO,Fission Uranium Corp
FCW.TO,First Asset Cambridge Global Div Hgd ETF
FCW.B.TO,First Asset Cambridge Global Div Uh ETF
FCY.TO,First Asset Cambridge Core US Equity ETF
FCY.B.TO,First Asset Cambridge Core US Eq ETF Uh
FDE.TO,First Trust Alphadex Emg Mkt Div ETF CAD
FDL.TO,Fa Canadian Dividend Low Vol ETF
FDV.TO,First Asset Active CDN Dividend ETF
FDY.TO,First Trust Alphadex CDN Dividend ETF
FDY.A.TO,First Trust Alphadex CDN Dividend ETF AC
FEC.TO,Frontera Energy Corp
FF.TO,First Mining Finance Corp
FFH.TO,Fairfax Financial Holdings Ltd
FFH.PR.C.TO,Fairfax Fncl Holdings Ltd Pref Ser C
FFH.PR.D.TO,Fairfax Fncl Holdings Ltd Pref Ser D
FFH.PR.E.TO,Fairfax Financial Hldngs Pref Ser E
FFH.PR.F.TO,Fairfax Financial Holdings Pref Ser F
FFH.PR.G.TO,Fairfax Financial Hldngs Pref Ser G
FFH.PR.H.TO,Fairfax Fncl Holdings Ltd Pref Ser H
FFH.PR.I.TO,Fairfax Financial Holdings Series I Pref
FFH.PR.J.TO,Fairfax Fncl Holdings Ltd Pref Ser J
FFH.PR.K.TO,Fairfax Financial Holdings Pref Ser K
FFH.PR.M.TO,Fairfax Financial Holdings Pref Ser M
FFH.U.TO,Fairfax Financial Holdings Limited USD
FFI.UN.TO,Flaherty & Crumrine Fixed Income Fund
FFN.TO,North American Financial 15 Split Corp
FFN.PR.A.TO,North American Fin 15 Split Corp Pref
FGB.TO,Fa Short Term Govt Bond Index Class ETF
FGX.TO,Faircourt Gold Income Corp
FHB.TO,First Asset European Bank ETF
FHC.TO,First Trust US Consmr Staples ETF
FHD.TO,First Trust US Consmr Dscrtn ETF
FHF.TO,First Trust US Financial ETF
FHG.TO,First Trust US Industrials ETF
FHH.TO,First Trust US Health Care ETF
FHQ.TO,First Trust US Technology ETF
FHU.TO,First Trust US Utilities ETF
FIE.TO,Ishares CDN Fin Mthly Income ETF
FIE.A.TO,Ishares CDN Fin Mthly Income ETF AC
FIG.TO,First Asset Investment Grade Bond ETF
FIH.U.TO,Fairfax India Holdings Corporation USD
FLB.TO,Fa Long Dur Fixed Inc ETF
FLCI.TO,Franklin Liberty CDN Invest Grd Corp ETF
FLDM.TO,Franklin Libertyqt Intl Eqt Index ETF
FLI.TO,First Asset US Cda Lifeco Income ETF
FLRM.TO,Franklin Liberty Risk Mngd CDN Eqt ETF
FLUS.TO,Franklin Libertyqt US Eqt Index ETF
FM.TO,First Quantum Minerals Ltd
FN.TO,First National Financial Corp
FN.PR.A.TO,First National Financial Corp Pref A
FN.PR.B.TO,First National Financial Corp Pref B
FNM.UN.TO,First National Mortgage Investment Fund
FNV.TO,Franco-Nevada Corp
FOOD.TO,Goodfood Market Corp
FPR.TO,Fa Pref Share ETF
FQC.TO,Fa MSCI Can Quality Index Class ETF
FR.TO,First Majestic Silver Corp Common
FRII.TO,Freshii Inc
FRL.UN.TO,Senior Secured Floating Rate Loan Fund
FRU.TO,Freehold Royalties Ltd
FRX.TO,Fennec Pharmaceuticals Inc
FSB.TO,First Asset Enhanced Sh Dur Bond ETF
FSB.U.TO,First Asset Enhanced Sh Dur Bond ETF USD
FSD.TO,First Trust Sh Dur Hi Yld Bnd ETF
FSD.A.TO,First Trust Sh Dur Hi Yld Bnd ETF Ch
FSF.TO,First Asset Global Financial Sector ETF
FSL.TO,First Trust Senior Loan ETF
FSL.A.TO,First Trust Senior Loan ETF
FSR.TO,First Trust DW US Sctr Rtn ETF
FST.TO,First Trust CDN Capital Strength ETF
FST.A.TO,First Trust CDN Capital Strength ETF AC
FSV.TO,Firstservice Corp
FSY.TO,Forsys Metals Corp
FSZ.TO,Fiera Capital Corp
FT.TO,Fortune Mnrl J
FTB.TO,First Trust Tactical Bond Index ETF
FTG.TO,Firan Technology Group Corp
FTN.TO,Financial 15 Split Corp
FTN.PR.A.TO,Financial 15 Split Corp
FTP.TO,Fortress Paper Ltd
FTP.DB.A.TO,Fortress Paper Ltd 7 Pct Debs
FTS.TO,Fortis Inc
FTS.PR.F.TO,Fortis Inc Pref Shares Series F
FTS.PR.G.TO,Fortis Inc First Pref Ser G
FTS.PR.H.TO,Fortis Inc Pref Ser H
FTS.PR.I.TO,Fortis Inc Pref Ser I
FTS.PR.J.TO,Fortis Inc Pref Ser J
FTS.PR.K.TO,Fortis Inc Pref Ser K
FTS.PR.M.TO,Fortis Inc Pref Ser M
FTT.TO,Finning Intl
FTU.TO,US Financial 15 Split Corp
FTU.PR.B.TO,US Finl 15 Split 2012 Pref Sh
FUD.TO,First Trust Alphadex US Div ETF CAD Hdg
FUM.TO,Fa US Equity Multi Factor ETF
FUT.TO,Fa US Tactical Sector Allocation ETF
FVI.TO,Fortuna Silver Mines Inc
FVL.TO,Freegold Ventures Limited
FXM.TO,F A Morningstar Cda Value ETF
G.TO,Goldcorp Inc
GAF.UN.TO,Global Alpha Worldwide Growth Fund
GAS.TO,Canadian Natural Gas Index ETF
GBF.TO,Globalance Dividend Growers Corp
GBT.TO,Bmtc Group Inc
GBU.TO,Gabriel Res J
GC.TO,Great Canadian Gaming Corp
GCG.TO,Guardian Capital
GCG.A.TO,Guardian Capital Group Ltd Cl.A Nv
GCL.TO,Colabor Group Inc
GCL.DB.A.TO,Colabor Group Inc 6.0 Pct Debs
GCM.TO,Gran Colombia Gold Corp
GCM.DB.U.TO,Gran Colombia Gold Corp 1.00 Pct Debs
GCM.DB.V.TO,Gran Colombia Gold Corp 6.00 Pct Debs
GCM.DB.X.TO,Gran Colombia Gold Corp 8.0 Pct Debs
GCM.WT.A.TO,Gran Colombia Gold Corp
GCS.PR.A.TO,Global Champions Split Corp Pref A
GCT.TO,Gvic Communications Corp Class B
GDC.TO,Genesis Land J
GDG.UN.TO,Global Dividend Growers Income Fund
GDI.TO,Gdi Integrated Facility Services Inc
GDI.DB.TO,Gdi Integrated Fclty Svcs 5.0 Pct Debs
GDL.TO,Goodfellow Inc
GDS.TO,Gendis Inc
GEI.TO,Gibson Energy Inc
GEI.DB.TO,Gibson Energy Inc 5.25 Pct Debs
GEN.TO,Genenews Limited
GEO.TO,Geodrill Limited
GGA.TO,Goldgroup Mining Inc
GGD.TO,Gogold Resources Inc
GGD.WT.TO,Gogold Resources Inc Wts
GH.TO,Gamehost Inc
GIB.A.TO,CGI Group Inc Cl.A Sv
GIL.TO,Gildan Activewear Inc
GLG.TO,Glg Life Tech Corp
GMM.U.TO,General Motors Company
GMO.TO,General Moly Inc
GMP.TO,Gmp Capital Inc
GMP.PR.B.TO,Gmp Capital Inc Series B Pref
GMP.PR.C.TO,Gmp Capital Inc Series C Pref
GMX.TO,Globex Mining Enterprises Inc
GOGO.TO,US Gbl Go Gold Precious Metal ETF
GOOS.TO,Canada Goose Holdings Inc
GPR.TO,Great Panther Silver Limited
GPS.TO,Bsm Technologies Inc
GQM.TO,Golden Queen Mng J
GQM.WT.TO,Golden Queen Mng Wts
GRL.TO,Global Real Estate Div Growers
GRP.PR.A.TO,Global Resource Champ Split Pref Ser 1
GRT.UN.TO,Granite Real Estate Investment Trust
GS.TO,Gluskin Sheff   Associates Inc
GSB.UN.TO,Goldman Sachs US Income Builder Trust
GSC.TO,Golden Star
GSV.TO,Gold Standard Ventures Corp
GSY.TO,Goeasy Ltd
GSY.DB.TO,Goeasy Ltd 5.75 Pct Debs
GTE.TO,Gran Tierra Energy Inc
GTX.TO,Gran Tierra Exchangeco Inc
GUD.TO,Knight Therapeutics Inc
GUY.TO,Guyana Goldfields Inc
GVC.TO,Glacier Media Inc
GWO.TO,Great-West Lifeco Inc
GWO.PR.F.TO,Great-West Lifeco Inc
GWO.PR.G.TO,Great-West Lifeco Inc Pr. G
GWO.PR.H.TO,Great-West Lifeco Inc 4.85 % Pr.Ser H
GWO.PR.I.TO,Great-West Lifeco Inc Prf Series I
GWO.PR.L.TO,Great-West Lifeco Inc Pref Ser L
GWO.PR.M.TO,Great West Lifeco Pref Ser M
GWO.PR.N.TO,Great West Lifeco Inc Pref Srs N
GWO.PR.O.TO,Great West Lifeco Pref Ser O
GWO.PR.P.TO,Great West Lifeco Inc 5.4 Pct Pref Sh
GWO.PR.Q.TO,Great West Lifeco Pref Ser Q
GWO.PR.R.TO,Great West Lifeco Inc Ser R
GWO.PR.S.TO,Great West Lifeco Pref Ser S
GWO.PR.T.TO,Great West Lifeco Pref Ser T
GWR.TO,Global Water Resources Inc
GXE.TO,Gear Energy Ltd
GXO.TO,Granite Oil Corp
GZT.TO,Gazit Globe Ltd
H.TO,Hydro One Limited
H.IR.TO,Hydro One Ltd Instal Rec 4.0 Pct Debs
HAB.TO,Horizons Active Corporate Bond ETF
HAC.TO,Horizons Seasonal Rotation ETF
HAD.TO,Horizons Active CDN Bond ETF
HAF.TO,Horizons Active Global Fixed Income ETF
HAJ.TO,Horizons Active Emerging Mkts Div ETF
HAL.TO,Horizons Active CDN Dividend ETF
HARC.TO,Horizons Abs Return Global Currency ETF
HAU.TO,Horizons Active US Dividend ETF
HAU.U.TO,Horizons Active US Dividend ETF USD
HAZ.TO,Horizons Active Global Dividend ETF
HBB.TO,Horizons CDN Select Universe Bond ETF
HBC.TO,Hudsons Bay Company
HBD.TO,Betapro Gold Bullion 2X Daily Bear ETF
HBF.TO,Brand Leaders Plus Income ETF
HBF.U.TO,Brand Leaders Plus Income ETF USD
HBG.TO,Hamilton Capital Global Bank ETF
HBG.U.TO,Hamilton Capital Global Bank ETF USD
HBL.UN.TO,Brand Leaders Income Fund
HBM.TO,Hudbay Minerals Inc
HBM.WT.TO,Hudbay Minerals Inc Wts
HBP.TO,Helix Biopharm
HBU.TO,Betapro Gold Bullion 2X Daily Bull ETF
HCG.TO,Home Capital Group Inc
HCN.TO,Horizons China High Dividend Yield ETF
HE.TO,Hanwei Energy Services Corp
HEA.TO,Horizons Enhd Income US Equity ETF
HEA.U.TO,Horizons Enhd Income US Equity USD ETF
HED.TO,Betapro SP TSX Cap Engy 2X Dly Bear ETF
HEE.TO,Horizons Enhanced Income Energy ETF
HEF.TO,Horizons Enhanced Income Fin ETF
HEJ.TO,Horizons Enhd Inc Intl Equity ETF
HEN.UN.TO,Energy Leaders Income Fd
HEP.TO,Horizons Enhanced Income Gold Prod ETF
HER.TO,Heron Resources Limited
HERS.TO,Evolve Na Gender Diversity Idx Hgd ETF
HERS.B.TO,Evolve Na Gender Diversity Idx Uh ETF
HEU.TO,Betapro SP TSX Cap Engy 2X Dly Bull ETF
HEW.TO,Horizons SP TSX 60 Equal Wgt ETF
HEX.TO,Horizons Enhanced Income Equity ETF
HFD.TO,Betapro SP TSX Cap Fncl 2X Dly Bear ETF
HFMU.U.TO,Hamilton Capital US Mid Financials ETF
HFP.TO,Horizons Active Flt Rate Pref ETF
HFR.TO,Horizons Active Floating Rate Bond ETF
HFU.TO,Betapro SP TSX Cap Fncl 2X Dly Bull ETF
HFY.TO,Hamilton Capital Global Fin Yield ETF
HFY.U.TO,Hamilton Capital Glbl Fin Yield ETF USD
HGC.TO,Horizons Global Currency Opp ETF
HGD.TO,Betapro CDN Gold Miners 2X Dly Bear ETF
HGI.UN.TO,Global Telecom and Utilities In Fd
HGM.TO,Horizons Managed Global Oppt ETF
HGR.TO,Global REIT Leaders Income ETF
HGU.TO,Betapro CDN Gold Miners 2X Dly Bull ETF
HGY.TO,Horizons Gold Yield ETF
HHF.TO,Horizons Morningstar Hdg Fd ETF
HHL.TO,Healthcare Leaders Income ETF
HHL.U.TO,Healthcare Leaders Income ETF
HID.TO,Wisdomtree US High Div ETF
HIG.UN.TO,Global Healthcare Inc and Grwth Fd
HII.TO,Horizons CDN Insider Index ETF
HIU.TO,Betapro Sp500 Daily Inverse ETF
HIX.TO,Betapro SP TSX 60 Daily Inverse ETF
HLC.TO,Holloway Lodging Corp
HLC.DB.TO,Holloway Lodging Corp 6.25 Pct Debs B
HLC.DB.A.TO,Holloway Lodging Corp 7.50 Pct Debs C
HLF.TO,High Liner
HLP.DB.U.TO,Mainstreet Health Inv Inc 5.00 Pct Debs
HLP.U.TO,Mainstreet Health Investments Inc
HMF.TO,Horizons Auspice Managed Futures ETF
HMM.A.TO,Hammond Manufacturing Co. Ltd Cl A. Sv
HMMJ.TO,Horizons Marijuana Life Sciences ETF
HMMJ.U.TO,Horizons Marijuana Life Sciences Idx USD
HMP.TO,Horizons Active CDN Municipal Bond ETF
HND.TO,Betapro Nat Gas 2X Daily Bear ETF
HNL.TO,Horizon North Logistics Inc
HNU.TO,Betapro Nat Gas 2X Daily Bull ETF
HNY.TO,Horizons Natural Gas Yield ETF
HNZ.TO,Hnz Group Inc
HOD.TO,Betapro Crude Oil 2X Daily Bear ETF
HOG.TO,Horizons CDN Midstream Oil Gas ETF
HOT.DB.U.TO,American Hotel Inc Prop REIT 5 Pct Debs
HOT.UN.TO,American Hotel Income Properties REIT LP
HOU.TO,Betapro Crude Oil 2X Daily Bull ETF
HPF.TO,Energy Leaders Plus Income ETF
HPF.U.TO,Energy Leaders Plus Income ETF USD
HPR.TO,Horizons Active Pref Share ETF
HPS.A.TO,Hammond Power Solutions Inc Cl A. Sv
HQD.TO,Betapro Nasdaq 100 2X Daily Bear ETF
HQU.TO,Betapro Nasdaq 100 2X Daily Bull ETF
HR.DB.D.TO,Hr REIT 5.90 Pct Conv Debs
HR.UN.TO,H&R Real Estate Inv Trust
HRA.TO,Horizons Global Risk Parity ETF
HRR.UN.TO,Australian REIT Income Fund
HRT.TO,Harte Gold Corp
HRX.TO,Heroux-Devtek
HSB.PR.C.TO,HSBC Bank Canada Pr. C
HSB.PR.D.TO,HSBC Bank Canada Cl.1 Pref Ser. D
HSD.TO,Betapro Sp500 2X Daily Bear ETF
HSE.TO,Husky Energy Inc
HSE.PR.A.TO,Husky Energy Inc Pref Ser 1
HSE.PR.B.TO,Husky Energy Inc Pref Ser 2
HSE.PR.C.TO,Husky Energy Inc Pref Ser 3
HSE.PR.E.TO,Husky Energy Inc Pref Ser 5
HSE.PR.G.TO,Husky Energy Inc Pref Ser 7
HSH.TO,Horizons Sp500 CAD Hedged Index ETF
HSL.TO,Horizons Active Float Rate Sen Loan ETF
HSM.TO,Helius Medical Technologies Inc
HSM.WT.TO,Helius Medical Technologies Inc Wts
HSU.TO,Betapro Sp500 2X Daily Bull ETF
HTA.TO,Tech Achievers Growth and Inc ETF
HTA.U.TO,Tech Achievers Growth and Inc ETF USD
HTB.TO,Horizons US 7 To 10 Yr Treasury Bond ETF
HTB.U.TO,Horizons US 7 To 10 Yr Treas Bd ETF USD
HTH.TO,Horizons US 7 10 Yr Treas Bd CAD Heg ETF
HTO.UN.TO,Global Water Solutions Fund
HUC.TO,Horizons Crude Oil ETF
HUF.TO,Horizons Active US Float Rate Bd ETF CAD
HUF.U.TO,Horizons Active US Floating Rate Bd ETF
HUG.TO,Horizons Gold ETF
HUL.TO,US Equity Plus Income ETF
HUL.U.TO,US Buyback Leaders ETF USD
HUN.TO,Horizons Natural Gas ETF
HUV.TO,Betapro Sp500 VIX ST Ftrs ETF
HUZ.TO,Horizons Silver ETF
HVI.TO,Betapro Sp500 VIX ST Ftrs Dly Inv ETF
HVU.TO,Betapro Sp500 VIX ST Ftrs 2X Dly Bull ETF
HWD.TO,Hardwoods Distribution Inc
HWF.UN.TO,Middlefield Healthcare Wellness Div
HWO.TO,High Arctic Energy Services Inc
HXD.TO,Betapro SP TSX 60 2X Daily Bear ETF
HXDM.TO,Horizons Intl Dev Mkts Equity Index ETF
HXE.TO,Horizons SP TSX Capped Energy Index ETF
HXF.TO,Horizons SP TSX Capped Fncl Index ETF
HXH.TO,Horizons CDN High Dividend Index ETF
HXQ.TO,Horizons Nasdaq 100 Index ETF
HXQ.U.TO,Horizons Nasdaq 100 Index ETF USD
HXS.TO,Horizons SP 500 Index ETF
HXS.U.TO,Horizons SP 500 Index ETF USD
HXT.TO,Horizons SP Tsx60 Index ETF
HXT.U.TO,Horizons SP TSX 60 Index ETF USD
HXU.TO,Betapro SP TSX 60 2X Daily Bull ETF
HXX.TO,Horizons Euro Stoxx 50 Index ETF
HYD.TO,Hyduke Energy Services Inc
HYG.TO,Hydrogenics Corp
HYI.TO,Horizons Active High Yield Bond ETF
HZD.TO,Betapro Silver 2X Daily Bear ETF
HZM.TO,Horizonte Minerals Plc
HZU.TO,Betapro Silver 2X Daily Bull ETF
IAG.TO,Industrial Alliance Ins & Fin Srv Inc
IAG.PR.A.TO,Industrial Alliance Ins & Fin Srv Ser B
IAG.PR.G.TO,Industrial Alliance Pref Ser G
IAM.TO,Integrated Asset Management Corp
IBG.TO,Ibi Group Inc
IBG.DB.C.TO,Ibi Group Inc 7.0 Pct Debs Series 2
IBG.DB.D.TO,Ibi Group Inc 5.50 Pct Debs
ICE.TO,Canlan ICE Sports Corp
ICP.TO,Ic Potash Corp
IDG.TO,Indigo Books & Music Inc
IDR.UN.TO,REIT Indexplus Income Fund
IFA.TO,Ifabric Corp
IFB.UN.TO,Investment Grade Infrstrctr Bond Fund
IFC.TO,Intact Financial Corp
IFC.PR.A.TO,Intact Financial Corp Pref Cl A
IFC.PR.C.TO,Intact Financial Corp Pref Cl A
IFC.PR.D.TO,Intact Financial Corp Pref Shares Ser 4
IFC.PR.E.TO,Intact Financial Corp Pref Cl A Ser 5
IFC.PR.F.TO,Intact Financial Corp Pref Shares Ser 6
IFC.R.TO,Intact Financial Corp Sub Receipts
IFL.UN.TO,VOYA Dvfsd Floating Rate Sr Loan Fund
IFP.TO,Interfor Corp
IGCF.TO,Pimco Investment Grade Credit Fund
IGM.TO,Igm Financial Inc
IGM.PR.B.TO,Igm Financial Inc 5.90 Pref Ser B
III.TO,Imperial Metals Corp
IIP.UN.TO,Interrent Real Estate Investment Trust
ILV.TO,Powershares SP Intl Dev Low Vol ETF
IMG.TO,Iamgold Corp
IMO.TO,Imperial Oil
IMP.TO,Intermap Tech Corp
IMV.TO,Immunovaccine Inc
INC.UN.TO,Income Fin Un
INE.TO,Innergex Renewable Energy Inc
INE.DB.A.TO,Innergex Renewable Energy 4.25 Pct Debs
INE.PR.A.TO,Innergex Renewable Energy Pref Ser A
INE.PR.C.TO,Innergex Renewable Energy Inc Pref Ser C
INO.UN.TO,Inovalis REIT
INQ.TO,Inscape Corp Sv
INSR.TO,BMO Glb Insurance Hgd To CAD ETF
INV.TO,Inv Metals Inc
IPCI.TO,Intellipharmaceutics International Inc
IPCO.TO,International Petroleum Corp
IPL.TO,Inter Pipeline Ltd
IPO.TO,Inplay Oil Corp
IQD.TO,Wisdomtree Intl Qlty Div Gwth ETF
IQD.B.TO,Wisdomtree Intl Qlty Div Gwth ETF Nh
IRG.TO,Imvescor Restaurant Group Inc
IRON.TO,Alderon Iron Ore Corp
ISL.U.TO,VOYA Floating Rate Sr Loan Fund USD
ISL.UN.TO,VOYA Floating Rate Sr Loan Fund
ISV.TO,Information Services Corp
ITC.TO,Intrinsyc Technologies Corp
ITH.TO,International Tower Hill Mines Ltd
ITP.TO,Intertape Polymer
ITX.TO,The Intertain Group Limited
IVN.TO,Ivanhoe Mines Ltd
JAG.TO,Jaguar Mining Inc
JE.TO,Just Energy Group Inc
JE.DB.B.TO,Just Energy Group Inc 5.75 Conv Sub Deb
JE.DB.C.TO,Just Energy Group Inc 6.75 Pct Debs
JE.PR.U.TO,Just Energy Group Inc Pref USD
JFS.UN.TO,Jft Strategies Fund
JOY.TO,Journey Energy Inc
JWEL.TO,Jamieson Wellness Inc
K.TO,Kinross Gold Corp
KAT.TO,Katanga Mining Limited
KBL.TO,Kbro Linen Inc
KDX.TO,Klondex Mines Ltd
KEG.UN.TO,Keg Royalties Income Fund
KEL.TO,Kelt Exploration Ltd
KEL.DB.TO,Kelt Exploration Ltd 5.0 Pct Debs
KER.TO,Kerr Mines Inc
KEW.TO,Kew Media Group Inc
KEW.WT.TO,Kew Media Group Inc Wts
KEY.TO,Keyera Corp
KFS.TO,Kingsway Fin
KFS.WT.V.TO,Kingsway Fin Svcs Warrants Ser B USD
KL.TO,Kirkland Lake Gold Ltd
KLG.DB.A.TO,Kirkland Lake Gold Inc 7.50 Pct Debs
KLS.TO,Kelso Technologies Inc
KML.TO,Kinder Morgan Cda Ltd
KML.PR.A.TO,Kinder Morgan Cda Ltd Pref Ser 1
KMP.UN.TO,Killam Apartment REIT
KOR.TO,Corvus Gold Inc
KPT.TO,Kp Tissue Inc
KRN.TO,Karnalyte Resources Inc
KWH.UN.TO,Crius Energy Trust
KXS.TO,Kinaxis Inc
L.TO,Loblaw Co
L.PR.B.TO,Loblaw Companies Ltd 2nd Pref Ser B
LAC.TO,Lithium Americas Corp
LAM.TO,Laramide Resources Ltd
LAS.A.TO,Lassonde Industries Inc Cl A Sv
LB.TO,Laurentian Bank
LB.PR.F.TO,Laurentian Bank of Cda Pr Ser 11
LB.PR.H.TO,Laurentian Bank of Cda Pr Ser 13
LB.PR.J.TO,Laurentian Bank of Cda Pr Ser 15
LBS.TO,Life & Banc Split Corp
LBS.PR.A.TO,Life & Banc Split Corp
LCS.TO,Brompton Lifeco Split Corp Class A
LCS.PR.A.TO,Brompton Lifeco Split Corp Pref Shares
LEAF.TO,Medreleaf Corp
LFE.TO,Canadian Life Companies Split Corp
LFE.PR.B.TO,Canadian Life Split 2012 Pref Sh
LFX.TO,Leadfx Inc
LGD.TO,Liberty Gold Corp
LGD.WT.TO,Liberty Gold Corp Wts
LGO.TO,Largo Resources Ltd
LGQ.TO,Logiq Asset Mgmt Inc
LGQ.DB.A.TO,Logiq Asset Mgmt Inc 7.00 Pct Debs
LGT.A.TO,Logistec Corporation Cl.A Mv
LGT.B.TO,Logistec Corporation Cl.B Sv
LIF.TO,Labrador Iron Ore Royalty Corp
LIQ.TO,Liquor Stores Na Ltd
LIQ.DB.B.TO,Liquor Stores Na Ltd 4.70 Pct Debs
LMC.TO,Leagold Mining Corp
LN.TO,Loncor Resources Inc
LNF.TO,Leons Furniture
LNR.TO,Linamar Corp
LOW.UN.TO,Low Volatility CDN Equities Inc Fund
LRT.DB.G.TO,Lanesborough REIT 5.0 Pct Ser G Debs
LRT.UN.TO,Lanesborough R.E. Investment Trust
LS.UN.TO,Middlefield Healthcare Ls Div Fd
LUC.TO,Lucara Diamond Corp
LUG.TO,Lundin Gold Inc
LUN.TO,Lundin Mining Corp
LVN.TO,Levon Resources Ltd
LVU.UN.TO,Low Volatility US Equity Income Fund
LXR.TO,Lxrandco Inc
LXR.WT.TO,Lxrandco Inc Wts
LYD.TO,Lydian International Limited
LYD.WT.TO,Lydian International Limited Wts
MAG.TO,MAG Silver Corp
MAL.TO,Magellan Aero
MAR.TO,Marret Resource Corp
MAW.TO,Mawson Resources Ltd
MAX.TO,Midas Gold Inc
MAXR.TO,Maxar Technologies Ltd
MAY.TO,Meadow Bay Gold Corp
MBA.TO,Cibt Education Group Inc
MBB.UN.TO,Logiq Advantage Bond Fund
MBK.UN.TO,Manulife US Regional Bank Trust
MBN.TO,Mbn Corp
MBX.TO,Microbix J
MCB.TO,Mccoy Global Inc
MCLC.TO,Manulife Mltfactor CDN Large Cap Uh ETF
MDA.TO,Macdonald Dettwiler
MDF.TO,Mediagrif Interac
MDI.TO,Major Drilling Grp
MDNA.TO,Medicenna Therapeutics Corp
MDS.UN.TO,Healthcare Special Opp Fund
ME.TO,Moneta Porcupine J
MEE.TO,Mackenzie Max Diverse Emg Mkts ETF
MEG.TO,Meg Energy Corp
MEQ.TO,Mainstreet Eq J
MERC.U.TO,Mercer International Inc USD
MEU.TO,Mackenzie Max Diversif Dev EUR ETF
MFC.TO,Manulife Fin
MFC.PR.B.TO,Manulife Financial Cl A Pref Ser 2
MFC.PR.C.TO,Manulife Financial Cl A Pref Ser 3
MFC.PR.F.TO,Manulife Financial Cl 1 Sh Ser 3
MFC.PR.G.TO,Manulife Financial Non Cum Cla 1 Ser 5
MFC.PR.H.TO,Manulife Financial Pref Ser 7
MFC.PR.I.TO,Manulife Financial Pref Ser 9
MFC.PR.J.TO,Manulife Financial Class 1 Ser 11
MFC.PR.K.TO,Manulife Financial Pref Ser 13
MFC.PR.L.TO,Manulife Financial Pref Ser 15
MFC.PR.M.TO,Manulife Financial Pref Ser 17
MFC.PR.N.TO,Manulife Financial Pref Ser 19
MFC.PR.O.TO,Manulife Financial Pref Ser 21
MFC.PR.P.TO,Manulife Financial Class 1 Sh Ser 4
MFC.PR.R.TO,Manulife Financial Pref Ser 23
MFI.TO,Maple Leaf Foods
MFR.UN.TO,Manulife Floating Rate Senior Loan Fund
MFT.TO,Mackenzie Floating Rate Income ETF
MG.TO,Magna International Inc
MGA.TO,Mega Uranium Ltd
MGB.TO,Mackenzie Core Pls Glob Fixed Inc ETF
MIC.TO,Genworth Mi Canada Inc
MID.UN.TO,Mint Income Fund
MIF.UN.TO,Marquest CDN Equity Income Fund
MIN.TO,Excelsior Mining Corp
MINT.TO,Manulife Mltfactor Dev Intl Hgd ETF
MINT.B.TO,Manulife Mltfactor Dev Intl Uh ETF
MKB.TO,Mackenzie Core Pls CDN Fixed Income ETF
MKC.TO,Mackenzie Max Dvrs Cda Index ETF
MKP.TO,Mcan Mortgage Corp
MKZ.UN.TO,Mackenzie Mstr Un
MLD.UN.TO,Moneda Latam Corp Bond Fund
MMP.UN.TO,Precious Metals and Mining Trust
MND.TO,Mandalay Resources Corp
MNR.TO,Mason Resources Corp
MNS.TO,Royal CDN Mint CDN Silver Reserves Etr
MNS.U.TO,Royal CDN Mint CDN Svr Reserves Etr USD
MNT.TO,Royal Canadian Mint CDN Gold Reserves
MNT.U.TO,Royal Canadian Mint CDN Gld Reserves USD
MNW.TO,Mitel Networks Corp
MOGO.TO,Mogo Finance Technology Inc
MOGO.DB.TO,Mogo Finance Tech Inc 10.0 Pct Debs
MOZ.TO,Marathon Gold Corp
MPC.TO,Madison Pac Cl B
MPC.C.TO,Madison Pacific Properties Inc Cl.C Nv
MPVD.TO,Mountain Province Diamonds Inc
MQI.UN.TO,Macquarie Global Infr Income Fund Units
MR.DB.TO,Melcor REIT 5.50 Pct Debs
MR.UN.TO,Melcor REIT
MRC.TO,Morguard Corp
MRD.TO,Melcor Dev
MRE.TO,Martinrea International Inc
MRG.DB.TO,Morguard Na REIT 4.65 Pct Debs
MRG.UN.TO,Morguard Na Residential REIT Units
MRT.DB.TO,Morguard REIT 4.50 Pct Debs
MRT.UN.TO,Morguard Un
MRU.TO,Metro Inc
MSI.TO,Morneau Shepell Inc
MSI.DB.A.TO,Morneau Shepell Inc 4.75 Pct Debs
MSV.TO,Minco Silver Corp
MTL.TO,Mullen Group Ltd
MTY.TO,Mty Food Group Inc
MUB.TO,Mackenzie Unconstrained Bond ETF
MULC.TO,Manulife Mltfactor US Large Cap Hgd ETF
MULC.B.TO,Manulife Mltfactor US Large Cap Uh ETF
MUMC.TO,Manulife Mltfactor US Mid Cap Hgd ETF
MUMC.B.TO,Manulife Mltfactor US Mid Cap Uh ETF
MUS.TO,Mackenzie Max Dvrs US Index ETF
MUX.TO,Mcewen Mining Inc
MWD.TO,Mackenzie Max Diversif World Dev ETF
MX.TO,Methanex Corp
MXF.TO,First Asset Can-Materials Cvr Call ETF
MXG.TO,Maxim Power Corp
MXU.TO,Mackenzie Max Divers Wrld Dev Ex Na ETF
NA.TO,National Bank of Canada
NA.PR.A.TO,National Bank Pref Ser 36
NA.PR.C.TO,National Bank Pref Ser 38
NA.PR.Q.TO,National Bank Pref Ser 28
NA.PR.S.TO,National Bank Pref Ser 30
NA.PR.W.TO,National Bank Pref Ser 32
NA.PR.X.TO,National Bank Pref Ser 34
NAF.UN.TO,Global Capital Securities Trust
NAL.TO,Newalta Corp
NB.TO,Niocorp Developments Ltd
NCA.TO,Newcastle Gold Ltd
NCC.A.TO,Newfoundland Capital Corp Cl A Sv
NCD.UN.TO,Fa North American Covertibles Fund
NCF.TO,Northcliff Resources Ltd
NCU.TO,Nevada Copper Corp
NDM.TO,Northern Dynasty Minerals Ltd
NDM.WT.A.TO,Northern Dynasty Minerals Ltd Wts A
NDM.WT.B.TO,Northern Dynasty Minerals Ltd Wts B
NEPT.TO,Neptune Technologies Bioressources Inc
NEW.A.TO,Newgrowth Cl A
NEW.PR.D.TO,Newgrowth Corp Class B Pref Ser 3
NEXT.TO,Nextsource Materials Inc
NFI.TO,New Flyer Industries Inc
NG.TO,Novagold Res Inc
NGD.TO,New Gold Inc
NGI.UN.TO,Ndx Growth and Income Fund
NGQ.TO,Ngex Resources Inc
NHK.TO,Nighthawk Gold Corp
NIF.UN.TO,Noranda Income Fund
NKO.TO,Niko Res
NKO.NT.TO,Niko Resources Ltd 7.00 Pct NTS
NLN.TO,Neulion Inc
NML.TO,New Millennium Iron Corp
NMX.TO,Nemaska Lithium Inc
NMX.WT.TO,Nemaska Lithium Inc Wts
NOA.TO,North American Energy Partners Inc
NOA.DB.TO,Na Energy Partners Inc 5.50 Pct Debs
NPC.TO,Napec Inc
NPF.UN.TO,North American Pref Share Fund
NPI.TO,Northland Power Inc
NPI.DB.B.TO,Northland Power Inc 5.00 Pct Debs
NPI.DB.C.TO,Northland Power Inc 4.75 Pct Debs
NPI.PR.A.TO,Northland Power Pref Equity Inc
NPI.PR.B.TO,Northland Power Inc Pref Ser 2
NPI.PR.C.TO,Northland Power Inc Pref Ser 3
NPK.TO,Verde Agritech Plc
NPS.TO,Northern Power Systems Corp
NRGY.UN.TO,Sprott Energy Opportunities Trust
NRI.TO,Nuvo Pharmaceuticals Inc
NSU.TO,Nevsun Res J
NUS.TO,Nautilus Minerals Inc
NVA.TO,Nuvista Energy Ltd
NVCN.TO,Neovasc Inc
NVU.DB.TO,Northview Apartment REIT 5.75 Pct Debs
NVU.UN.TO,Northview Apartment REIT
NWC.TO,The North West Company Inc
NWH.DB.TO,Northwest Healthcare Prop REIT 5.25 Debs
NWH.DB.A.TO,Northwest Healthcare Prop 6.50 Pct Debs
NWH.DB.B.TO,Northwest Healthcare Prop 7.50 Pct Debs
NWH.DB.C.TO,Northwest Healthcare Prop 7.25 Pct Debs
NWH.DB.D.TO,Northwest Healthcare Prop 5.50 Pct Debs
NWH.DB.E.TO,Northwest Healthcare Prop 5.25 Pct Debs
NWH.DB.F.TO,Northwest Healthcare Prop 5.25 Pct Debs
NWH.UN.TO,Northwest Healthcare Prop REIT
NXC.TO,Nexc Partners Corp
NXE.TO,Nexgen Energy Ltd
NXF.TO,First Asset Energy Giants Cov Call ETF
NXF.B.TO,First Asset Energy Giants ETF Unhedged
NXJ.TO,Nexj Systems Inc
OBE.TO,Obsidian Energy Ltd
OCS.UN.TO,Ocp Credit Strategy Fund
OGC.TO,Oceanagold Corp
OGD.TO,Orbit Garant Drilling Inc
OLY.TO,Olympia Financial Group Inc
OMI.TO,Orosur Mining Inc
ONC.TO,Oncolytics Bio
ONC.WT.TO,Oncolytics Biotech Inc Wts
ONEX.TO,Onex Corp
ONR.DB.B.TO,Onereit 5.45 Pct Debs
ONR.DB.C.TO,Onereit 5.50 Pct Debs
ONR.UN.TO,Onereit Trust Units
OPS.TO,Opsens Inc
OR.TO,Osisko Gold Royalties Ltd
OR.WT.TO,Osisko Gold Royalties Ltd Wts
OR.WT.A.TO,Osisko Gold Royalties Ltd Wts A
ORA.TO,Aura Minerals  Inc
ORL.TO,Orocobre Limited
ORV.TO,Orvana Minerals J
OSB.TO,Norbord Inc
OSF.UN.TO,Oil Sands Sector Fund
OSK.TO,Osisko Mining Inc
OSK.WT.TO,Osisko Mining Inc Wts
OSL.UN.TO,Ocp Senior Credit Fund
OSP.TO,Brompton Oil Split Corp
OSP.PR.A.TO,Brompton Oil Split Corp Pref
OTEX.TO,Open Text Corp
OXC.TO,Oryx Petroleum Corporation Ltd
OXF.TO,First Asset Can-Energy Covered Call ETF
P.TO,Primero Mining Corp
P.DB.V.TO,Primero Mining Corp 5.75 Pct Debs
P.WT.C.TO,Primero Mining Corp Wts
PAAS.TO,Pan American Silver Corp
PAR.DB.B.TO,Partners REIT 5.5 Pct Debs
PAR.UN.TO,Partners REIT Units
PATH.TO,Counterpath Corp
PAY.TO,Posera Ltd
PBD.TO,Purpose Total Return Bond Fund ETF
PBH.TO,Premium Brands Holdings Corp
PBH.DB.D.TO,Premium Brands Holdings 5.00 Pct Debs
PBH.DB.E.TO,Premium Brands Hld Corp 4.65 Pct Debs
PBH.DB.F.TO,Premium Brands Hld Corp 4.60 Pct Debs
PBI.TO,Purpose Best Ideas Fund ETF
PBI.B.TO,Purpose Best Ideas Fund Non Hdg
PBL.TO,Pollard Banknote Limited
PBU.UN.TO,Precious Metals Bullion Trust
PBY.UN.TO,Canso Credit Income Fund Units
PCD.UN.TO,Pathfinder Income Fund
PCF.U.TO,Energy Credit Opp Income Fund USD
PCF.UN.TO,Energy Credit Opp Income Fund
PCY.TO,Prophecy Development Corp
PD.TO,Precision Drilling Corp
PDC.TO,Powershares CDN Div ETF
PDF.TO,Purpose Core Dividend Fund ETF
PDL.TO,North American Palladium Ltd
PDV.TO,Prime Dividend Corp Cl A
PDV.PR.A.TO,Prime Dividend Corp Pref
PEGI.TO,Pattern Energy Group Inc
PEU.TO,Purpose Enhanced US Equity Fund
PEY.TO,Peyto Exploration and Dvlpmnt Corp
PFB.TO,Pfb Corp
PFD.UN.TO,Limited Duration Inv Gr Pref Sec Fd Un
PFH.F.TO,Powershares HY Corp Bond Index ETF
PFL.TO,Powershares 1 To 3 Yr Lad Float Rate ETF
PFT.UN.TO,Canadian Pref Share Trust
PFU.UN.TO,Investment Grade Managed Dur Income Fd
PG.TO,Premier Gold Mines Ltd
PGD.TO,Peregrine Diamonds Ltd
PGF.TO,Pengrowth Energy Corp
PGI.UN.TO,Pimco Global Inc Opportunities Fund
PGL.TO,Powershares Ultra Liquid Lt Govt Bd ETF
PGLC.TO,Pershing Gold Corp
PHE.TO,Purpose Tactical Hedged Equity Fund ETF
PHE.B.TO,Purpose Tactical Hedged Equity Fund ETF
PHR.TO,Purpose Duration Hedged Real Estate ETF
PHW.TO,Purpose Intl Tactical Hedged Equity ETF
PHX.TO,Phx Energy Services Corp
PHYS.U.TO,Sprott Physical Gold Trust USD
PIC.A.TO,Premium Income A
PIC.PR.A.TO,Premium Income Pr
PID.TO,Purpose Intl Dividend Fund ETF
PIF.TO,Polaris Infrastructure Inc
PIH.TO,Pacific Insight Electronics Corp
PIN.TO,Purpose Monthly Income Fund ETF
PJC.A.TO,Jean Coutu Group [Pjc] Inc Cl. A Sv
PKI.TO,Parkland Fuel Corp
PLC.TO,Park Lawn Corp
PLI.TO,Prometic Life Sciences Inc
PLS.TO,Polaris Materials Corp
PLV.TO,Powershares Low Vol Portfolio ETF
PLZ.DB.D.TO,Plaza Retail REIT 5.75 Pct Debs
PLZ.UN.TO,Plaza Retail REIT
PMB.UN.TO,Picton Mahoney Tactical Income Fund
PME.TO,Sentry Select Primary Metals Corp
PMIF.TO,Pimco Monthly Income Fund
PMM.TO,Purpose Multi Strategy Mkt Neutral Fund
PMN.TO,Promis Neurosciences Inc
PMT.TO,Perpetual Energy Inc
PMTS.TO,CPI Card Group Inc
PNC.A.TO,Postmedia Network Canada Corp Cl A
PNC.B.TO,Postmedia Network Canada Corp Cl B
PNE.TO,Pine Cliff Energy Ltd
PNP.TO,Pinetree Capital Ltd
POM.TO,Polymet Mining Corp
PONY.TO,Painted Pony Energy Ltd
POT.TO,Potash Corp of Sask Inc
POU.TO,Paramount Resources Ltd
POW.TO,Power Corporation of Canada Sv
POW.PR.A.TO,Power Corp A Pr
POW.PR.B.TO,Power Corp Pref Shares Series B
POW.PR.C.TO,Power Corp of Canada 5.80%
POW.PR.D.TO,Power Corp  Non-Cum 1st Pfd Shs Ser D
POW.PR.F.TO,Power Corp 1st Pr
POW.PR.G.TO,Power Corp of Canada 5.60 Pct Pref Ser G
PPL.TO,Pembina Pipeline Corp
PPL.DB.F.TO,Pembina Pipeline Corp 5.75 Pct Debs F
PPL.PR.A.TO,Pembina Pipeline Corp Pref Class A
PPL.PR.C.TO,Pembina Pipeline Corp Pref Ser 3
PPL.PR.E.TO,Pembina Pipeline Corp Pref Ser 5
PPL.PR.G.TO,Pembina Pipeline Corp Pref Ser 7
PPL.PR.I.TO,Pembina Pipeline Corp Pref Ser 9
PPL.PR.K.TO,Pembina Pipeline Corp Pref Ser 11
PPL.PR.M.TO,Pembina Pipeline Corp Pref Ser 13
PPL.PR.O.TO,Pembina Pipeline Corp Pref Series 15
PPL.PR.Q.TO,Pembina Pipeline Corp Pref Series 17
PPL.PR.S.TO,Pembina Pipeline Corp Pref Series 19
PPR.TO,Prairie Provident Resources Inc
PPR.WT.TO,Prairie Provident Resources Inc Wts
PPS.TO,Powershares CDN Pref Share ETF
PR.TO,Lysander Slater Pref Share Activ ETF
PRA.TO,Purpose Diversified Real Asset Fund ETF
PRF.UN.TO,Pinebridge Inv Grade Pref Sec Fund Units
PRK.TO,Potash Ridge Corp
PRP.TO,Purpose Conservative Income Fund ETF
PRQ.TO,Petrus Resources Ltd
PRU.TO,Perseus Mining Limited
PSA.TO,Purpose High Interest Savings ETF
PSB.TO,Pwrshrs 1 To 5 Yr  Ladder Inv Grd Bd ETF
PSD.TO,Pulse Seismic Inc
PSI.TO,Pason Systems Inc
PSK.TO,Prairiesky Royalty Ltd
PSLV.U.TO,Sprott Physical Silver Trust USD
PSU.U.TO,Purpose US Cash ETF
PSY.TO,Pwrshr Glb Sharehldr Yield ETF
PTB.TO,Powershares Tactical Bond ETF
PTG.TO,Pivot Technology Solutions Inc
PTM.TO,Platinum Group Metals Ltd
PTS.TO,Points International Ltd
PUB.UN.TO,US Banks Income and Growth Fund
PUD.TO,Purpose US Dividend Fund ETF
PUD.B.TO,Purpose US Dividend Fund ETF Nc Hedged
PUR.TO,Pure Technologies Ltd
PVG.TO,Pretium Resources Inc
PVS.PR.B.TO,Partners Value Split Corp Pref Ser 3
PVS.PR.C.TO,Partners Value Split Corp Pref Ser 5
PVS.PR.D.TO,Partners Value Split Corp Pref Ser 6
PVS.PR.E.TO,Partners Value Split Corp Pref Ser 7
PVS.PR.F.TO,Partners Value Split Corp Pref Ser 8
PWF.TO,Power Financial Corp
PWF.PR.A.TO,Power Fin Ser A Pr
PWF.PR.E.TO,Power Fin Ser D Pr
PWF.PR.F.TO,Power Financial Corp Pref Ser E
PWF.PR.G.TO,Power Financial Corp 5.90% Pr Series F
PWF.PR.H.TO,Power Financial Corp 5.75% Pr Series H
PWF.PR.I.TO,Power Financial Corp 6% Series I
PWF.PR.K.TO,Power Fin Corp 4.95% Ser K
PWF.PR.L.TO,Power Financial Corp Series L  Pfd
PWF.PR.O.TO,Power Financial Corp 5.80 Pref Ser O
PWF.PR.P.TO,Pwr Fnl Corp 4.40 Non Cumul Pref Ser P
PWF.PR.Q.TO,Power Fin Corp 4.40 Pct Pref Ser Q
PWF.PR.R.TO,Power Financial Corp 5.5 Pct Pref Ser R
PWF.PR.S.TO,Power Financial Corp Pref Ser S
PWF.PR.T.TO,Power Financial Corp 4.20 Pct Pref Ser T
PWF.PR.Z.TO,Power Financial Corp 5.15 Pct Pref Ser V
PXC.TO,Powershr FTSE RAFI CAD ETF
PXG.TO,Pwrshr FTSE RAFI Global Plus Fdamntl ETF
PXS.TO,Pwrshr FTSE RAFI US Fdamntl ETF II
PXS.U.TO,Pwrshr FTSE RAFI US Fdamntl ETF USD II
PXT.TO,Parex Resources Inc
PXU.F.TO,Powershares FTSE RAFI US Fund ETF
PXX.TO,Blackpearl Resources Inc
PYF.TO,Purpose Premium Yield Fund ETF
PZA.TO,Pizza Pizza Royalty Corp
PZC.TO,Pwrshr FTSE RAFI CDN Sml Mid Fdamntl ETF
PZW.TO,Pwrshr FTSE RAFI Glb Sml Mid Fdamntl ETF
QBR.A.TO,Quebecor Inc Cl.A Mv
QBR.B.TO,Quebecor Inc Cl.B Sv
QCD.TO,Quantshrs Enh Core CDN Equity ETF
QCP.TO,Questrade Fixed Inc Core Plus ETF
QEC.TO,Questerre Energy Corp
QEM.TO,Quantshrs Enh Core Emg Mkt Eqt ETF
QGE.TO,Questrade Global Total Equity ETF
QGL.TO,Quantshrs Global Equity Rotation ETF
QIE.TO,Quantshrs Enh Core Intl Equity ETF
QMA.TO,Quantshrs Multiasset Allocation ETF
QMG.TO,Questrade Rus US Mc Grwth Idx CAD Hgd
QMV.TO,Questrade Rus US Mc Val Idx CAD Hgd
QMY.TO,Quantshrs Multiasset Inc Allocation ETF
QQC.F.TO,Powershares QQQ Index ETF
QRD.TO,Questrade Rus 1000 EW US CD Idx CAD Hgd
QRH.TO,Questrade Rus 1000 Eq US Hc Idx CAD Hgd
QRI.TO,Questrade Rus 1000 EW US Ind Idx CAD Hgd
QRT.TO,Questrade Rus 1000 EW US Tek Idx CAD Hgd
QSP.UN.TO,Restaurant Brands Intl Ltd Partnership
QSR.TO,Restaurant Brands International Inc
QTRH.TO,Quarterhill Inc
QUS.TO,Quantshrs Enh Core US Equity ETF
QXM.TO,F A Morningstar Nb Quebec ETF
R.TO,Red Eagle Mining Corp
R.WT.TO,Red Eagle Mining Corporation Wts
RAI.UN.TO,Real Asset Income and Growth Fund
RAV.UN.TO,Ravensource Fund
RAY.A.TO,Stingray Digital Group Inc Sv
RAY.B.TO,Stingray Digital Group Inc Variable Sv
RBA.TO,Ritchie Bros Auctioneers Inc
RBN.UN.TO,Blue Ribbon Income Fund
RBNK.TO,RBC CDN Bank Yield Index ETF
RBO.TO,RBC 1 To 5 Yr Laddered Corp Bond ETF
RBP.UN.TO,June 2021 Investment Grade Bond Pool
RCD.TO,RBC Quant CDN Dividend Leaders ETF
RCE.TO,RBC Quant Canadian Equity Leaders ETF
RCH.TO,Richelieu Hardware Ltd
RCI.A.TO,Rogers Communications Inc Cl.A Mv
RCI.B.TO,Rogers Communications Inc Cl.B Nv
RCO.UN.TO,Middlefield Can Global REIT Income Fund
RDK.TO,Redhawk Resources Inc
RDL.TO,Redline Communications Group Inc
REAL.TO,Real Matters Inc
REF.UN.TO,CDN Real Estate Un
REI.UN.TO,Riocan Real Est Un
REIT.TO,Powershares Sptsx REIT Income Idx ETF
RET.TO,Reitmans Canada
RET.A.TO,Reitmans [Canada] Ltd Cl.A Nv
RFP.TO,Resolute Forest Products Inc
RGRE.TO,RBC Qnt Glbl Real Estate Ldrs
RGRE.U.TO,RBC Qnt Glbl Real Estate Ldrs USD
RGX.TO,Argex Titanium Inc
RIB.UN.TO,Ridgewood CAD Invest Grade Bond Fund
RIC.TO,Richmont Mines
RID.TO,RBC Quant EAFE Div Leaders ETF
RID.U.TO,RBC Quant EAFE Div Leaders USD ETF
RIDH.TO,RBC Quant EAFE Div Leaders ETF
RIE.TO,RBC Quant EAFE Equity Leaders ETF
RIE.U.TO,RBC Quant EAFE Equity Leaders ETF USD
RIEH.TO,RBC Quant EAFE Equity Leaders CAD Heg ETF
RIG.TO,RBC Quant Global Infras Leaders ETF
RIG.U.TO,RBC Quant Global Infras Leaders ETF USD
RIGP.UN.TO,Canadian Investment Grade Pref Fund
RIT.TO,First Asset Canadian REIT ETF
RKN.TO,Redknee Solutions Inc
RLB.TO,RBC 1 To 5 Year Laddered Can Bond ETF
RLD.TO,RBC Strategic Global Div Leaders ETF
RLE.TO,RBC Stategic Global Equity Leaders ETF
RME.TO,Rocky Mountain Dealerships Inc
RMP.TO,Rmp Energy Inc
RMX.TO,Rubicon Minerals Corp
RN.TO,Rio Novo Gold Inc
RNW.TO,Transalta Renewables Inc
RNX.TO,Royal Nickel Corp
ROXG.TO,Roxgold Inc
RPD.TO,RBC Quant European Div Leaders ETF
RPD.U.TO,RBC Quant European Div Leaders ETF USD
RPDH.TO,RBC Quant European Div Leaders ETF
RPF.TO,RBC Canadian Pref Share ETF
RPI.UN.TO,Richards Packaging Income Fund
RQE.TO,RBC Target 2017 Corp Bond Index ETF
RQF.TO,RBC Target 2018 Corp Bond Index ETF
RQG.TO,RBC Target 2019 Corp Bond Index ETF
RQH.TO,RBC Target 2020 Corp Bond Index ETF
RQI.TO,RBC Target 2021 Corp Bond Index ETF
RQJ.TO,RBC Target 2022 Corp Bond ETF
RQK.TO,RBC Target 2023 Corp Bond ETF
RRX.TO,Raging River Exploration Inc
RSI.TO,Rogers Sugar Inc
RSI.DB.D.TO,Rogers Sugar 5.75 Pct Conv Debs
RSI.DB.E.TO,Rogers Sugar Inc 5Pct Debs
RTG.TO,Rtg Mining Inc
RTU.UN.TO,CDN Resources Un
RUD.TO,RBC Quant US Div Leaders ETF
RUD.U.TO,RBC Quant US Div Leaders USD ETF
RUDH.TO,RBC Quant US Div Leaders ETF
RUE.TO,RBC Quant US Equity Leaders ETF
RUE.U.TO,RBC Quant US Equity Leaders ETF USD
RUEH.TO,RBC Quant US Equity Leaders CAD Heg ETF
RUS.TO,Russel Metals
RVX.TO,Resverlogix Corp
RVX.WT.TO,Resverlogix Corp Wts
RWC.TO,First Asset MSCI Canada Low Risk Wtd ETF
RWE.TO,First Asset MSCI Europe Lr Wgtd ETF
RWE.B.TO,First Asset MSCI Europe Lr Wgtd Unhg ETF
RWU.TO,First Asset MSCI USA Lr Wgtd ETF
RWU.B.TO,First Asset MSCI USA Lr Wgtd Unhedg ETF
RWW.TO,First Asset MSCI World Low Risk Wtd ETF
RWW.B.TO,First Asset MSCI Wld Lr Wtd Uh ETF
RWX.TO,Fa MSCI Intl Low Risk Weighted ETF
RWX.B.TO,Fa MSCI Intl Low Risk Weighted Unhgd ETF
RXD.TO,RBC Quant Emrg Mkts Div Leaders ETF
RXD.U.TO,RBC Quant Emrg Mkts Div Leaders ETF USD
RXE.TO,RBC Quant Emrg Mkts Equity Leaders ETF
RXE.U.TO,RBC Quant Emrg Mkts Eqt Leaders ETF USD
RY.TO,Royal Bank of Canada
RY.PR.A.TO,Royal Bank of Canada Prf Series Aa
RY.PR.B.TO,RBC Non-Cum First Pref Series Ab
RY.PR.C.TO,Royal Bank of Can. First Pref Ser AC
RY.PR.D.TO,RBC First Pref Shares Series Ad
RY.PR.E.TO,RBC Non-Cum First Pr Shs. Series Ae
RY.PR.F.TO,RBC Non-Cum First Pref Ser Af
RY.PR.G.TO,RBC Non-Cum First Pr Series Ag
RY.PR.H.TO,Royal Bank Pref Ser Bb
RY.PR.I.TO,Royal Bank Pref Ser Aj
RY.PR.J.TO,Royal Bank Pref Ser Bd
RY.PR.K.TO,Royal Bank Pref Ser AK
RY.PR.L.TO,Royal Bank Pref Ser Al
RY.PR.M.TO,Royal Bank Pref Ser Bf
RY.PR.N.TO,Royal Bank Pref Ser Bh
RY.PR.O.TO,Royal Bank Pref Ser Bi
RY.PR.P.TO,Royal Bank Pref Ser Bj
RY.PR.Q.TO,Royal Bank Pref Ser Bk
RY.PR.R.TO,Royal Bank Pref Ser Bm
RY.PR.W.TO,Royal Bank Pref 4.90% Ser. W
RY.PR.Z.TO,RBC First Pref Sh Series Az
S.TO,Sherritt Intl Rv
SAM.TO,Starcore International Mines Ltd
SAP.TO,Saputo Inc
SAU.TO,ST Augustine Gold and Copper Ltd
SBB.TO,Sabina Gold and Silver Corp
SBC.TO,Brompton Split Banc Corp Cl A
SBC.PR.A.TO,Brompton Split Banc Corp Pref
SBI.TO,Serabi Gold Plc
SBN.TO,S Split Corp Cl.A
SBN.PR.A.TO,S Split Corp Pref A
SBND.TO,Purpose Sh Dur Tactical Bd Fd ETF
SBR.TO,Silver Bear Resources Plc
SBT.B.TO,Silver Bullion Trust CAD ETF Non Cur
SBT.U.TO,Silver Bullion Trust USD ETF Non Cur
SCB.TO,Street Capital Group Inc
SCL.TO,Shawcor Ltd
SCU.TO,The Second Cup Ltd
SCW.UN.TO,Canso Select Opportunities Fund
SCY.TO,Scandium International Mining Corp
SDY.TO,Strad Energy Services Ltd
SEA.TO,Seabridge Gold Inc
SEC.TO,Senvest Capital
SEN.TO,Serinus Energy Inc
SES.TO,Secure Energy Services Inc
SEV.TO,Spectra7 Microsystems Inc
SFD.TO,Nxt Energy Solutions Inc
SFD.RT.TO,Nxt Energy Solutions Inc RTS
SGF.TO,Shore Gold Inc
SGQ.TO,Southgobi Resources Ltd
SGY.TO,Surge Energy Inc
SHA.TO,Sphere FTSE Asia Sustainable Yld ETF
SHC.TO,Sphere FTSE Cda Sustainable Yld ETF
SHE.TO,Sphere FTSE Euro Sustainable Yld ETF
SHLE.TO,Source Energy Services Ltd
SHOP.TO,Shopify Inc
SHU.TO,Sphere FTSE US Sustainable Yld ETF
SHZ.TO,Sphere FTSE Emerg Mkts Yld ETF
SIA.TO,Sienna Senior Living Inc
SIA.DB.TO,Sienna Senior Living Inc 4.65 Pct Debs
SID.TO,First Asset US Trendleaders ETF
SII.TO,Sprott Inc
SIN.UN.TO,Sciti Trust
SIS.TO,Savaria Corp
SJ.TO,Stella Jones Inc
SJR.B.TO,Shaw Communications Inc Cl.B Nv
SJR.PR.A.TO,Shaw Communications Inc Pref Ser A
SJR.PR.B.TO,Shaw Communications Inc Pref Ser B
SKG.UN.TO,Skylon Growth & Income Fund
SLF.TO,Sun Life Financial Inc
SLF.PR.A.TO,Sun Life Pref Ser 1
SLF.PR.B.TO,Sun Life Pref Ser 2
SLF.PR.C.TO,Sun Life Pref Ser 3
SLF.PR.D.TO,Sun Life Pref Ser 4
SLF.PR.E.TO,Sun Life Pref Ser 5
SLF.PR.G.TO,Sun Life Pref Ser 8R
SLF.PR.H.TO,Sun Life Pref Ser H
SLF.PR.I.TO,Sun Life Pref Ser 12R
SLF.PR.J.TO,Sun Life Pref Ser 9Qr
SLF.PR.K.TO,Sun Life Pref Ser 11Qr
SLR.TO,Solitario Zinc Corp
SMC.TO,Sulliden Mining Capital Inc
SMF.TO,SEMAFO J
SMT.TO,Sierra Metals Inc
SMU.UN.TO,Summit Industrial Income REIT
SNC.TO,Snc-Lavalin Sv
SOLG.TO,Solgold Plc
SOT.UN.TO,Slate Office REIT
SOX.TO,Stuart Olson Inc
SOX.DB.A.TO,Stuart Olson Inc 6 Pct Debs A
SOY.TO,Sunopta Inc
SPB.TO,Superior Plus Corp
SPB.DB.H.TO,Superior Plus Corp 6.0 Pct Debs
SPE.TO,Spartan Energy Corp
SPPP.U.TO,Sprott Physical Platinum Palladium USD
SQP.TO,Strongco Corp
SRHI.TO,Sprott Resource Holdings Inc
SRHI.WT.TO,Sprott Resource Holdings Inc Wts
SRT.U.TO,Slate Retail REIT USD
SRT.UN.TO,Slate Retail REIT
SRU.DB.A.TO,Smart Riet 5.45 Pct Debs
SRU.DB.B.TO,Smart Riet 5.50 Pct Debs
SRU.UN.TO,Smart Real Estate Investment Trust
SRV.UN.TO,Sir Royalty Income Fund
SRX.TO,Storm Resources Ltd
SSF.UN.TO,Symphony Floating Rate Sr Loan Fd
SSL.TO,Sandstorm Gold Ltd
SSL.WT.TO,Sandstorm Gold Ltd Wts
SSRM.TO,Ssr Mining Inc
STB.TO,Student Transportation Inc
STB.DB.A.TO,Student Transportation Inc 5.25 Pct Debs
STB.DB.C.TO,Student Transportation Inc 6.25 Pct Debs
STEP.TO,Step Energy Services Ltd
STN.TO,Stantec Inc
STPL.TO,BMO Glb Consumer Staples Hgd To CAD ETF
SU.TO,Suncor Energy Inc
SUM.TO,Solium Capital Inc
SVB.TO,Silver Bull Resources Inc
SVC.TO,Sandvine Corp
SVM.TO,Silvercorp Metals Inc
SVR.TO,Ishares Silver Bullion ETF Hdg
SVR.C.TO,Ishares Silver Bullion ETF Non Hdg
SW.TO,Sierra Wireless
SWH.TO,Sunwah International Limited
SWY.TO,Stornoway Diamond Corp
SWY.DB.U.TO,Stornoway Diamond Corp 6.25 Pct USD Debs
SXI.TO,Synex Intl J
SXP.TO,Supremex Inc
T.TO,Telus Corp
TA.TO,Transalta Corp
TA.PR.D.TO,Transalta Corp Prfd Series A
TA.PR.E.TO,Transalta Corp Pref Ser B
TA.PR.F.TO,Transalta Corp Pref Ser C
TA.PR.H.TO,Transalta Corp Pref Sh Series E
TA.PR.J.TO,Transalta Corp Pref Ser G
TAO.TO,Tag Oil Ltd
TAO.WT.TO,Tag Oil Ltd Wts
TBL.TO,Taiga Building Products Ltd
TBL.NT.TO,Taiga Building Products Ltd 14% Debs
TC.TO,Tucows Inc
TCL.A.TO,Transcontinental Inc Cl A Sv
TCL.B.TO,Transcontinental Inc Cl B Mv
TCN.TO,Tricon Capital Group Inc
TCN.DB.A.TO,Tricon Capital Group Inc 5.60 Pct Debs
TCN.DB.U.TO,Tricon Capital Group 5.75 Pct Debs USD
TCS.TO,Tecsys Inc J
TCT.UN.TO,Top 10 Canadian Financial Trust
TCW.TO,Trican Well
TD.TO,Toronto-Dominion Bank
TD.PF.A.TO,TD Bank Pref Ser 1
TD.PF.B.TO,TD Bank Pref Ser 3
TD.PF.C.TO,TD Bank Pref Ser 5
TD.PF.D.TO,TD Bank Pref Ser 7
TD.PF.E.TO,TD Bank Pref Ser 9
TD.PF.F.TO,TD Bank Pref Ser 11
TD.PF.G.TO,TD Bank Pref Ser 12
TD.PF.H.TO,TD Bank Pref Ser 14
TD.PF.I.TO,TD Bank Pref Ser 16
TD.PR.S.TO,TD Bank Pref Ser S
TD.PR.T.TO,TD Bank Pref Ser T
TD.PR.Y.TO,TD Bank Pref Ser Y
TD.PR.Z.TO,TD Bank Pref Ser Z
TDB.TO,TD CDN Aggregate Bond Index ETF
TDG.TO,Trinidad Drilling Ltd
TECK.A.TO,Teck Resources Limited Cl A
TECK.B.TO,Teck Resources Limited Cl B
TEI.TO,Toscana Energy Income Corp
TEI.DB.TO,Toscana Energy Income Corp 6.75 Pct Debs
TEL.TO,Tellza Communications Inc
TF.TO,Timbercreek Financial Corp
TF.DB.TO,Timbercreek Financial Corp 6.35 Pct Debs
TF.DB.A.TO,Timbercreek Financial Corp 5.40 Pct Debs
TF.DB.B.TO,Timbercreek Financial Corp 5.45 Pct Debs
TF.DB.C.TO,Timbercreek Financial Corp 5.30 Pct Debs
TFII.TO,Tfi International Inc
TGF.UN.TO,Timbercreek Global Real Estate Fund
TGL.TO,Transglobe Energy Corp
TGO.TO,Terago Inc
TGZ.TO,Teranga Gold Corp
TH.TO,Theratechnologies
The.TO,TD Intl Equity CAD Hedge Index ETF
THO.TO,Tahoe Resources Inc
THU.TO,TD SP 500 CAD Hedge Index ETF
TI.TO,Titan Mining Corporation
TIH.TO,Toromont Ind
TIME.TO,Evolve Active Short Dur Bond ETF
TIME.B.TO,Evolve Active Short Dur Bond Unheg
TKO.TO,Taseko Mines Ltd
TLB.TO,Tearlab Corp
TLF.UN.TO,Tech Leaders Income Fund
TLO.TO,Talon Metals Corp
TLV.TO,Powershares SP TSX Low Vol ETF
TMB.TO,Tembec Inc
TMD.TO,Titan Medical Inc
TMD.WT.C.TO,Titan Medical Inc Wts Cl C
TMD.WT.F.TO,Titan Medical Inc Wts Cl F
TMD.WT.G.TO,Titan Medical Inc Wts Cl G
TMD.WT.H.TO,Titan Medical Inc Wts Cl H
TMD.WT.I.TO,Titan Medical Inc Wts Cl I
TMI.TO,Trimetals Mining Inc
TMI.B.TO,Trimetals Mining Inc Class B
TML.TO,Treasury Metals Inc
TMQ.TO,Trilogy Metals Inc
TMR.TO,Tmac Resources Inc
TNP.TO,Transatlantic Petroleum Ltd
TNT.UN.TO,True North Commercial REIT
TNX.TO,Tanzanian Royalty Exploration Corp
TOF.UN.TO,Taylor North American Eqy Opp Fd
TOG.TO,Torc Oil and Gas Ltd
TOS.TO,Tso3 Inc
TOT.TO,Total Energy Services Inc
TOU.TO,Tourmaline Oil Corp
TOY.TO,Spin Master Corp
TPE.TO,TD International Equity Index ETF
TPH.TO,Temple Hotels Inc
TPH.DB.E.TO,Temple Hotels Inc 7.25 Pct Debs
TPH.DB.F.TO,Temple Hotels Inc 7.0 Pct Debs
TPK.TO,Ten Peaks Coffee Company Inc
TPL.TO,Tethys Petroleum Limited
TPU.TO,TD SP 500 Index ETF
TPX.A.TO,Molson Coors Canada Inc Cl.A Lv
TPX.B.TO,Molson Coors Canada Inc Cl.B Nv
TRI.TO,Thomson Reuters Corp
TRI.PR.B.TO,Thomson Reuters Corporation Prf Srs 2
TRIL.TO,Trillium Therapeutics Inc
TRL.TO,Trilogy International Partners Inc
TRL.WT.TO,Trilogy International Partners Inc Wts
TRP.TO,Transcanada Corp
TRP.PR.A.TO,Transcanada Corp Pref Ser 1
TRP.PR.B.TO,Transcanada Corp Pref Ser 3
TRP.PR.C.TO,Transcanada Corp Pref Ser 5
TRP.PR.D.TO,Transcanada Corp Pref Ser 7
TRP.PR.E.TO,Transcanada Corp Pref Ser 9
TRP.PR.F.TO,Transcanada Corp Pref Ser 2
TRP.PR.G.TO,Transcanada Corp Pref Ser 11
TRP.PR.H.TO,Transcanada Corp Pref Ser 4
TRP.PR.I.TO,Transcanada Corp Pref Ser 6
TRP.PR.J.TO,Transcanada Corp Pref Ser 13
TRP.PR.K.TO,Transcanada Corp Pref Ser 15
TRQ.TO,Turquoise Hill Resources Ltd
TRZ.TO,Transat At Inc
TS.B.TO,Torstar Corp Cl. B Nv
TSGI.TO,The Stars Group Inc
TSL.TO,Tree Island Steel Ltd
TSU.TO,Trisura Group Ltd
TTE.UN.TO,Top 20 Europe Dividend Trust
TTP.TO,TD SP TSX Capped Comp Index ETF
TUT.UN.TO,Top 20 US Dividend Trust Cls A Units
TV.TO,Trevali Mining Corp
TVA.B.TO,Tva Group Inc Cl.B Nv
TVE.TO,Tamarack Valley Energy Ltd
TVK.TO,Terravest Capital Inc
TVK.DB.TO,Terravest Capital Inc 7.00 Pct Debs
TWC.TO,Twc Enterprises Limited
TXF.TO,First Asset Tech Giants Covered Call ETF
TXF.B.TO,First Asset Tech Giants Cov Call Unheg
TXG.TO,Torex Gold Resources Inc
TXP.TO,Touchstone Exploration Inc
TXT.PR.A.TO,Top 10 Split Trust Pref A
TXT.UN.TO,Top 10 Split Trust
TZS.TO,Trez Capital Senior Mortgage Inv Corp
TZZ.TO,Trez Capital Mortgage Inv Corp
U.TO,Uranium Participation Co
UCD.UN.TO,Fa Morningstar US Consumer Def Idx Fd
UDA.UN.TO,Caldwell US Dividend Adv Fund
UEX.TO,Uex Corp
UFS.TO,Domtar Corp
ULV.C.TO,Powershares Sp500 Low Volatility ETF
ULV.F.TO,Powershares Sp500 Low Volatility ETF
UNC.TO,United Corp Ltd
UNG.PR.D.TO,Union Gas 6% B Pr
UNS.TO,Uni Select Inc
UR.TO,Urthecast Corp
URB.TO,Urbana Corp
URB.A.TO,Urbana Corporation Cl A
URE.TO,Ur-Energy Inc
USA.TO,Americas Silver Corp
USB.TO,Powershares Lad US 0 To 5 Yr Corp Bd ETF
USB.U.TO,Powershares Lad US 0 To 5 Yr Corp Bd ETF USD
USF.UN.TO,US Financials Income Fund
USH.UN.TO,US Housing Recovery Fund
UTC.C.TO,Utility Corp Cl C
UTE.UN.TO,Canadian Utilities Telecom Inc Fd
UWE.TO,U3O8 Corp
UXM.TO,Morningstar US Div Tgt 50 ETF
UXM.B.TO,Morningstar US Div Tgt 50 ETF
VA.TO,Vanguard FTSE Dev Asia Pac All Cap ETF
VAB.TO,Vanguard CDN Aggregate Bond Index ETF
VAH.TO,Vanguard FTSE Dev Asia Pac ETF CAD Hdg
VB.TO,Versabank
VB.PR.A.TO,Versabank Pref Ser 1
VB.PR.B.TO,Versabank Pref Ser 3
VBG.TO,Vanguard Global Ex US Agg Bnd ETF
VBU.TO,Vanguard US Agg Bond Index ETF CAD
VBV.TO,Vbi Vaccines Inc
VCB.TO,Vanguard CDN Corporate Bond Index ETF
VCE.TO,Vanguard FTSE Canada Index ETF
VCM.TO,Vecima Networks Inc
VCN.TO,Vanguard FTSE Canada All Cap ETF
VDU.TO,Vanguard FTSE Developed AC Ex US ETF
VDY.TO,Vanguard FTSE CDN High Div Yld Index ETF
VE.TO,Vanguard FTSE Dev Europe All Cap ETF
VEE.TO,Vanguard FTSE Emerging Mkts All Cap ETF
VEF.TO,Vanguard FTSE Dev AC Ex US ETF CAD Hdg
VEH.TO,Vanguard FTSE Dev Europe ETF CAD Hdg
VET.TO,Vermilion Energy Inc
VFF.TO,Village Farms International Inc
VFV.TO,Vanguard SP 500 Index ETF
VGG.TO,Vanguard US Div Appr ETF
VGH.TO,Vanguard US Div Appr ETF CAD Hdg
VGV.TO,Vanguard CDN Government Bond Index ETF
VGZ.TO,Vista Gold Corp
VI.TO,Vanguard FTSE Dev All Cap Na ETF
VII.TO,Seven Generations Energy Ltd
VIP.UN.TO,Logiq Vip Income Fund
VIU.TO,Vanguard FTSE Dev All Cap Na ETF
VLB.TO,Vanguard CDN Long Term Bond Index ETF
VLE.TO,Valeura Energy Inc
VLN.TO,Velan Inc Sv
VLQ.TO,Vanguard Glob Liquidity Factor ETF
VMO.TO,Vanguard Glob Momentum Factor ETF
VNP.TO,5N Plus Inc
VNP.DB.TO,5N Plus Inc 5.75 Pct Debs
VNR.TO,Valener Inc
VNR.PR.A.TO,Valener Inc Pref Ser A
VRE.TO,Vanguard FTSE CDN Capped REIT Index ETF
VRX.TO,Valeant Pharmaceuticals Intl Inc
VSB.TO,Vanguard CDN Short-Term Bond Index ETF
VSC.TO,Vanguard CDN Short Term Corp Bd ETF
VSG.TO,Vanguard CDN Sh Term Govt Bd Index ETF
VSN.TO,Veresen Inc
VSN.PR.A.TO,Veresen Inc Pref Sh Series A
VSN.PR.C.TO,Veresen Inc Pref Sh Series C
VSN.PR.E.TO,Veresen Inc Pref Sh Series E
VSP.TO,Vanguard SP 500 Index ETF CAD Hdg
VUN.TO,Vanguard US Total Market ETF
VUS.TO,Vanguard US Total Mkt ETF CAD Hdg
VVL.TO,Vanguard Glob Val Factor ETF
VVO.TO,Vanguard Global Min Vol ETF
VXC.TO,Vanguard FTSE Glbl All Cap Ex Can ETF
VXM.TO,F A Morningstar Intl Value ETF
VXM.B.TO,F A Morningstar Intl Value ETF Unheg
W.PR.H.TO,Westcoast 7 Pr
W.PR.J.TO,Westcoast 8 Pr
W.PR.K.TO,Westcoast Energy Inc Pref Ser 10
W.PR.M.TO,Westcoast Energy Inc Pref Ser 12
WCM.A.TO,Wilmington Capital Mgmt Inc Cl.A Nv
WCM.B.TO,Wilmington Capital Management Cl B
WCN.TO,Waste Connections Inc
WCP.TO,Whitecap Resources Inc
WDO.TO,Wesdome Gold Mines Ltd
WEED.TO,Canopy Growth Corp
WEF.TO,Western Forest Products Inc
WEQ.TO,Westernone Inc
WEQ.DB.TO,Westernone Inc 6.25 Pct Debs Series 3
WFC.TO,Wall Financial
WFS.TO,World Financial Split Corp
WFS.PR.A.TO,World Financial Split Corp
WFT.TO,West Fraser Timber Co Ltd
WG.TO,Wellgreen Platinum Ltd
WIR.U.TO,Wpt Industrial REIT USD
WJA.TO,Westjet Airlines Ltd
WJX.TO,Wajax Corp
WM.TO,Wallbridge Mining Company Ltd
WN.TO,Weston George
WN.PR.A.TO,George Weston Pref Ser 1
WN.PR.C.TO,George Weston 5.20% Pref Ser III
WN.PR.D.TO,George Weston 5.2% Pref Ser IV
WN.PR.E.TO,George Weston 4.75% Pref Ser V
WPK.TO,Winpak Ltd
WPM.TO,Wheaton Precious Metals Corp
WPRT.TO,Westport Fuel Systems Inc
WRG.TO,Western Energy Services Corp
WRN.TO,Western Copper and Gold Corp
WRX.TO,Western Resources Corp
WSP.TO,WSP Global Inc
WTE.TO,Westshore Terminals Investment Corp
WXM.TO,F A Morningstar Cda Momentum ETF
X.TO,Tmx Group Limited
XAU.TO,Goldmoney Inc
XAW.TO,Ishares Core MSCI All Cntry Ex Can ETF
XBB.TO,Ishares Core CDN Universe Bond ETF
XBM.TO,Ishares SP TSX Global Base Mtls ETF
XCB.TO,Ishares Canadian Corporate Bond ETF
XCD.TO,Ishares SP Global Cons Disc ETF
XCG.TO,Ishares Canadian Growth Index ETF
XCH.TO,Ishares China Index ETF
XCS.TO,Ishares SP TSX Smallcap Index ETF
XCT.TO,Exactearth Ltd
XCV.TO,Ishares Canadian Value Index ETF
XDC.TO,Xtreme Drilling Corp
XDG.TO,Ishares Core MSCI Glo Qlty Div ETF
XDGH.TO,Ishares Core MSCI Glo Qlty Div ETF
XDIV.TO,Ishares Core MSCI CAD Qlty Div ETF
XDU.TO,Ishares Core MSCI US Qlty Div ETF
XDUH.TO,Ishares Core MSCI US Qlty Div ETF
XDV.TO,Ishares Canadian Select Div Index ETF
XEB.TO,Ishares JP Morgan USD Emerg Mkts Bd ETF
XEC.TO,Ishares Core MSCI Emerging Mkts IMI ETF
XEF.TO,Ishares Core MSCI EAFE IMI Index ETF
XEG.TO,Ishares SP TSX Capped Energy Index ETF
XEH.TO,Ishares MSCI Europe IMI Index ETF
XEI.TO,Ishares SP TSX Comp High Div Index ETF
XEM.TO,Ishares MSCI Emerging Markets ETF
XEN.TO,Ishares Jantzi Social Index ETF
XEU.TO,Ishares MSCI Europe IMI Index ETF
XFA.TO,Ishares Edge MSCI Multifact USA Idx CAD
XFC.TO,Ishares Edge MSCI Multifact Can ETF
XFF.TO,Ishares Edge MSCI Multifact EAFE Idx CAD
XFH.TO,Ishares Core MSCI EAFE IMI Index ETF
XFI.TO,Ishares Edge MSCI Multifact EAFE ETF
XFN.TO,Ishares SP TSX Capped Financials ETF
XFR.TO,Ishares Floating Rate Index ETF
XFS.TO,Ishares Edge MSCI Multifact USA ETF
XGB.TO,Ishares Canadian Govt Bond Index ETF
XGD.TO,Ishares S&P/Tsx Global Gold Index ETF
XGI.TO,Ishares SP Global Industrials ETF
XHB.TO,Ishares CDN Hybrid Corp Bond ETF
XHC.TO,Ishares Global Healthcare Index ETF
XHD.TO,Ishares US High Div Equity Index ETF
XHU.TO,Ishares US High Div Equity Index ETF
XHY.TO,Ishares US High Yield Bond Index ETF
XIC.TO,Ishares Core SP TSX Capped Comp ETF
XID.TO,Ishares India Index ETF
XIG.TO,Ishares US Ig Corporate Bond Index ETF
XIN.TO,Ishares MSCI EAFE Index ETF
XIT.TO,Ishares SP TSX Capped Info Tech ETF
XIU.TO,Ishares SP TSX 60 Index ETF
XLB.TO,Ishares Core CDN Long Term Bond ETF
XMA.TO,Ishares SP TSX Capped Materials ETF
XMC.TO,Ishares SP US Midcap Index ETF
XMD.TO,Ishares SP TSX Completion Index ETF
XMF.A.TO,M Split Corp Capital Shares 2014
XMF.PR.B.TO,M Split Corp Class I Pref Shares
XMF.PR.C.TO,M Split Corp Class II Pref Shares 2014
XMH.TO,Ishares SP US Midcap Index ETF CAD Hgd
XMI.TO,Ishares Edge MSCI Min Vol EAFE ETF
XML.TO,Ishares Edge MSCI Mv EAFE ETF CAD Hgd
XMM.TO,Ishares Edge MSCI Min Vol Emerg ETF
XMS.TO,Ishares Edge MSCI Mv USA ETF CAD Hgd
XMU.TO,Ishares Edge MSCI Min Vol USA ETF
XMV.TO,Ishares Edge MSCI Min Vol Can ETF
XMW.TO,Ishares Edge MSCI Min Vol Gbl ETF
XMY.TO,Ishares Edge MSCI Mv Glbl ETF CAD Hgd
XPF.TO,Ishares SP TSX Na Pref Stock ETF
XQB.TO,Ishares High Qlty Canadian Bond ETF
XQB.A.TO,Ishares High Qlty CDN Bond ETF AC
XQQ.TO,Ishares Nasdaq 100 Index ETF
XRB.TO,Ishares CDN Real Return Bond Index ETF
XRE.TO,Ishares SP TSX Capped REIT Index ETF
XSB.TO,Ishares Core CDN Short Trm Bond ETF
XSC.TO,Ishares Cons ST Strat Fix Inc ETF
XSE.TO,Ishares Cons Strat Fix Inc ETF
XSH.TO,Ishares Core CDN ST Corp Maple Bnd ETF
XSI.TO,Ishares Short Term Strategic FI ETF
XSP.TO,Ishares Core SP 500 ETF CAD Hdg ETF
XSQ.TO,Ishares ST Hi Qlty CDN Bond ETF
XST.TO,Ishares SP TSX Capped Cons Stpl ETF
XSU.TO,Ishares US Small Cap Index ETF
XTC.TO,Exco Tech
XTD.TO,Tdb Split Corp Class A Shares
XTD.PR.A.TO,Tdb Split Corp Priority Equity Shares
XTG.TO,Xtra Gold Resources Corp
XTR.TO,Ishares Diversified Monthly Income ETF
XUH.TO,Ishares Core SP US Total Mkt ETF CAD Heg
XUS.TO,Ishares Core SP 500 Index ETF
XUT.TO,Ishares SP TSX Capped Utilities ETF
XUU.TO,Ishares Core SP US Total Market ETF
XWD.TO,Ishares MSCI World Index ETF
XXM.TO,Fa Morningstar US Value Index ETF
XXM.B.TO,Fa Morningstr US Value Idx Unhdgd ETF
Y.TO,Yellow Pages Limited
Y.WT.TO,Yellow Pages Limited Wts
YCM.TO,Commerce Split Corp Capital Shares
YCM.PR.A.TO,Commerce Split Corp Class I Pref Shares
YCM.PR.B.TO,Commerce Split Corp Class II Pref Shares
YGR.TO,Yangarra Resources Ltd
YPG.DB.TO,Yp Digital and Media Sol 8 Pct Debs
YRB.TO,Yorbeau Resources Inc
YRI.TO,Yamana Gold Inc
YXM.TO,Fa Morningstar US Momentum Index ETF
YXM.B.TO,Fa Morningstar US Momentum Unhdgd ETF
ZAG.TO,BMO Aggregate Bond Index ETF
ZAR.TO,Zargon Oil and Gas Ltd
ZAR.DB.A.TO,Zargon Oil and Gas Ltd 8.00 Pct Debs
ZBK.TO,BMO Equal Weight US Bank ETF
ZCH.TO,BMO China Equity Index ETF
ZCL.TO,Zcl Composites
ZCM.TO,BMO Mid Corporate Bond ETF
ZCN.TO,BMO SP TSX Capped Comp ETF
ZCS.TO,BMO Short Corp Bond ETF
ZCS.L.TO,BMO Short Corporate Bond ETF
ZDB.TO,BMO Discount Bond ETF
ZDH.TO,BMO Intl Div CAD Hedge ETF
ZDI.TO,BMO International Dividend ETF
ZDJ.TO,BMO DJIA Hedged To CAD Index ETF
ZDM.TO,BMO MSCI EAFE Hedged To CAD Index ETF
ZDV.TO,BMO Canadian Dividend ETF
ZDY.TO,BMO US Dividend ETF CAD
ZDY.U.TO,BMO US Dividend ETF USD
ZEA.TO,BMO MSCI EAFE ETF
ZEB.TO,BMO SP TSX Equal Weight Banks Index ETF
ZEF.TO,BMO Emg Mkt Bond Hdgd To CAD ETF
ZEM.TO,BMO MSCI Emerging Markets Index ETF
ZEO.TO,BMO SP TSX Eql Weight Oil Gas Index ETF
ZEQ.TO,BMO MSCI EU Hq Hcad ETF
ZEUS.TO,BMO Shiller Select US Index ETF
ZFH.TO,BMO Floating Rate High Yield ETF
ZFL.TO,BMO Long Fed Bond Index ETF
ZFM.TO,BMO Mid Federal Bond Index ETF
ZFS.TO,BMO Short Federal Bond Index ETF
ZFS.L.TO,BMO Short Federal Bond Index ETF
ZGD.TO,BMO SP TSX Eql Weight Glbl Gold ETF
ZGI.TO,BMO Global Infrastructure Index ETF
ZGQ.TO,BMO MSCI All Cntry Wrld High Qlty ETF
ZHP.TO,BMO US Pref Share Hgd To CAD ETF
ZHY.TO,BMO High Yld US Corp Bnd Hdg CAD ETF
ZIC.TO,BMO Mid Term US Ig Corp Bond ETF
ZIC.U.TO,BMO Mid Term US Ig Corp Bond ETF USD
ZID.TO,BMO India Equity Index ETF
ZIN.TO,BMO SP TSX Equal Weight Indstrl ETF
ZJG.TO,BMO Junior Gold Index ETF
ZJK.TO,BMO High Yield US Corp Bond ETF
ZJN.TO,BMO Junior Gas Index ETF
ZJO.TO,BMO Junior Oil Index ETF
ZLB.TO,BMO Low Volatility CAD Equity ETF
ZLC.TO,BMO Long Corporate Bond Index ETF
ZLD.TO,BMO Low Vol Intl Eqty Hed To CAD ETF
ZLE.TO,BMO Low Vol Emerg Mkt Equity ETF
ZLH.TO,BMO Low Vol US Eqty Hed To CAD ETF
ZLI.TO,BMO Low Vol Intl Equity ETF
ZLU.TO,BMO Low Volatility US Equity ETF CAD
ZLU.U.TO,BMO Low Volatility US Equity ETF USD
ZMI.TO,BMO Monthly Income ETF
ZMP.TO,BMO Mid Provincial Bond Index ETF
ZMT.TO,BMO Sptsx Eql Wgt Glb Metal Hed CAD ETF
ZMU.TO,BMO Mid Term US Ig Corp Bd Hgd CAD Idx
ZPH.TO,BMO US Put Write Hedged To CAD ETF
ZPL.TO,BMO Long Provincial Bond Index ETF
ZPR.TO,BMO Laddered Pref Share ETF
ZPS.TO,BMO Short Provincial Bond Index ETF
ZPS.L.TO,BMO Short Provincial Bond Index ETF
ZPW.TO,BMO US Put Write ETF
ZPW.U.TO,BMO US Put Write ETF USD
ZQQ.TO,BMO Nasdaq 100 Hedged To CAD Index ETF
ZRE.TO,BMO Equal Weight Reits Index ETF
ZRR.TO,BMO Real Return Bond Index ETF
ZSP.TO,BMO SP 500 Index ETF
ZSP.U.TO,BMO SP 500 Index ETF USD
ZST.TO,BMO Ultra Short Term Bond ETF
ZST.L.TO,BMO Ultra Short Term Bond ETF
ZSU.TO,BMO ST US Ig Corp Bond Hcad ETF
ZUB.TO,BMO Eql Wgt US Bank Hdgd To CAD ETF
ZUD.TO,BMO US Dividend Hedged To CAD ETF
ZUE.TO,BMO SP 500 Hedged CAD ETF
ZUH.TO,BMO Eql Wgt US Hcare Hdgd To CAD ETF
ZUP.TO,BMO US Pref Share Index ETF
ZUP.U.TO,BMO US Pref Share Index ETF
ZUQ.TO,BMO MSCI USA High Quality Index ETF
ZUT.TO,BMO Equal Weight Utilities Index ETF
ZVI.TO,BMO MSCI EAFE Value Index ETF
ZVU.TO,BMO MSCI USA Value Index ETF
ZWA.TO,BMO Covered Call DJIA CAD ETF
ZWB.TO,BMO Covered Call Canadian Banks ETF
ZWC.TO,BMO CDN High Div Covered Call ETF
ZWE.TO,BMO Europe High Div CC CAD Hedge ETF
ZWH.TO,BMO US High Dividend Covered Call ETF
ZWH.U.TO,BMO US High Dividend Cov Call ETF USD
ZWU.TO,BMO Covered Call Utilities ETF
ZXM.TO,F A Morningstar Intl Momentum ETF
ZXM.B.TO,F A Morningstar Intl Momentum ETF Unhdg
ZYME.TO,Zymeworks Inc
ZZZ.TO,Sleep Country Canada Holdings Inc
